gene	ucc_standard	mutter_01	mutter_02	class	custom
A2ml1	FALSE	FALSE	TRUE	dataset_specific	TRUE
Aatk	TRUE	TRUE	TRUE	common	FALSE
Abl1	TRUE	TRUE	TRUE	common	FALSE
Abl2	TRUE	TRUE	TRUE	common	FALSE
Acacb	TRUE	TRUE	TRUE	common	FALSE
Ace	TRUE	TRUE	TRUE	common	FALSE
Ackr1	TRUE	TRUE	TRUE	common	FALSE
Ackr3	TRUE	TRUE	TRUE	common	FALSE
Ackr4	TRUE	TRUE	TRUE	common	FALSE
Acp5	TRUE	TRUE	FALSE	dataset_specific	FALSE
Acta2	TRUE	TRUE	TRUE	common	FALSE
Actg2	TRUE	TRUE	TRUE	common	FALSE
Acvr1	TRUE	TRUE	TRUE	common	FALSE
Acvr1b	TRUE	TRUE	TRUE	common	FALSE
Acvr2a	TRUE	TRUE	TRUE	common	FALSE
Acvrl1	TRUE	TRUE	TRUE	common	FALSE
Adcy8	FALSE	FALSE	TRUE	dataset_specific	TRUE
Adgra2	TRUE	TRUE	TRUE	common	FALSE
Adgra3	TRUE	TRUE	TRUE	common	FALSE
Adgre5	TRUE	TRUE	TRUE	common	FALSE
Adgrf1	TRUE	TRUE	TRUE	common	FALSE
Adgrf3	TRUE	TRUE	TRUE	common	FALSE
Adgrf5	TRUE	TRUE	TRUE	common	FALSE
Adgrg1	TRUE	TRUE	TRUE	common	FALSE
Adgrg3	TRUE	TRUE	TRUE	common	FALSE
Adgrg5	TRUE	TRUE	TRUE	common	FALSE
Adgrg6	TRUE	TRUE	TRUE	common	FALSE
Adgrl1	TRUE	TRUE	TRUE	common	FALSE
Adgrl2	TRUE	TRUE	TRUE	common	FALSE
Adgrl4	TRUE	TRUE	TRUE	common	FALSE
Adgrv1	TRUE	TRUE	TRUE	common	FALSE
Adipoq	TRUE	TRUE	TRUE	common	FALSE
Adm2	TRUE	TRUE	TRUE	common	FALSE
Agr2	TRUE	TRUE	TRUE	common	FALSE
Ahi1	TRUE	TRUE	TRUE	common	FALSE
Ahr	TRUE	TRUE	TRUE	common	FALSE
Aif1	TRUE	TRUE	TRUE	common	FALSE
Akap5	FALSE	FALSE	TRUE	dataset_specific	TRUE
Akt1	TRUE	TRUE	TRUE	common	FALSE
Alcam	TRUE	TRUE	TRUE	common	FALSE
Alox5ap	TRUE	TRUE	FALSE	dataset_specific	FALSE
Angpt1	TRUE	TRUE	TRUE	common	FALSE
Angpt2	TRUE	TRUE	TRUE	common	FALSE
Angptl1	TRUE	TRUE	TRUE	common	FALSE
Ankrd1	TRUE	TRUE	TRUE	common	FALSE
Ankrd42	TRUE	TRUE	TRUE	common	FALSE
Anxa1	TRUE	TRUE	TRUE	common	FALSE
Anxa2	TRUE	TRUE	TRUE	common	FALSE
Anxa4	TRUE	TRUE	TRUE	common	FALSE
Apc	TRUE	TRUE	TRUE	common	FALSE
Apoa1	TRUE	TRUE	TRUE	common	FALSE
Apoc1	TRUE	TRUE	TRUE	common	FALSE
Apod	TRUE	TRUE	TRUE	common	FALSE
Apoe	TRUE	TRUE	TRUE	common	FALSE
App	TRUE	TRUE	TRUE	common	FALSE
Aqp3	TRUE	TRUE	TRUE	common	FALSE
Ar	TRUE	TRUE	TRUE	common	FALSE
Areg	TRUE	TRUE	TRUE	common	FALSE
Arf1	TRUE	TRUE	TRUE	common	FALSE
Arg1	TRUE	TRUE	TRUE	common	FALSE
Arhgdib	TRUE	TRUE	TRUE	common	FALSE
Arid5b	TRUE	TRUE	TRUE	common	FALSE
Atf3	TRUE	TRUE	TRUE	common	FALSE
Atg12	TRUE	TRUE	TRUE	common	FALSE
Atg5	TRUE	TRUE	TRUE	common	FALSE
Atm	TRUE	TRUE	TRUE	common	FALSE
Atp5b	TRUE	TRUE	FALSE	dataset_specific	FALSE
Atp5e	TRUE	TRUE	TRUE	common	FALSE
Atr	TRUE	TRUE	TRUE	common	FALSE
Axl	TRUE	TRUE	TRUE	common	FALSE
Azgp1	TRUE	TRUE	TRUE	common	FALSE
B2m	TRUE	TRUE	TRUE	common	FALSE
B3gnt7	TRUE	TRUE	FALSE	dataset_specific	FALSE
Bag3	TRUE	TRUE	TRUE	common	FALSE
Basp1	TRUE	TRUE	FALSE	dataset_specific	FALSE
Bax	TRUE	TRUE	TRUE	common	FALSE
Bbln	TRUE	TRUE	TRUE	common	FALSE
Bcl2	TRUE	TRUE	TRUE	common	FALSE
Bcl2l1	TRUE	TRUE	TRUE	common	FALSE
Bcl6	FALSE	FALSE	TRUE	dataset_specific	TRUE
Becn1	TRUE	TRUE	TRUE	common	FALSE
Best1	TRUE	TRUE	TRUE	common	FALSE
Bgn	TRUE	TRUE	TRUE	common	FALSE
Bid	TRUE	TRUE	TRUE	common	FALSE
Birc3	TRUE	TRUE	FALSE	dataset_specific	FALSE
Birc5	TRUE	TRUE	TRUE	common	FALSE
Blk	TRUE	TRUE	TRUE	common	FALSE
Bmp1	TRUE	TRUE	TRUE	common	FALSE
Bmp2	TRUE	TRUE	TRUE	common	FALSE
Bmp3	TRUE	TRUE	TRUE	common	FALSE
Bmp4	TRUE	TRUE	TRUE	common	FALSE
Bmp5	TRUE	TRUE	TRUE	common	FALSE
Bmp7	TRUE	TRUE	TRUE	common	FALSE
Bmpr1a	TRUE	TRUE	TRUE	common	FALSE
Bmpr2	TRUE	TRUE	TRUE	common	FALSE
Braf	TRUE	TRUE	FALSE	dataset_specific	FALSE
Brca1	TRUE	TRUE	TRUE	common	FALSE
Bst1	TRUE	TRUE	TRUE	common	FALSE
Bst2	TRUE	TRUE	TRUE	common	FALSE
Btf3	TRUE	TRUE	TRUE	common	FALSE
Btg1	TRUE	TRUE	TRUE	common	FALSE
Btk	TRUE	TRUE	TRUE	common	FALSE
C1qa	TRUE	TRUE	TRUE	common	FALSE
C1qb	TRUE	TRUE	TRUE	common	FALSE
C1qc	TRUE	TRUE	TRUE	common	FALSE
C5ar2	TRUE	TRUE	TRUE	common	FALSE
Cacna1c	TRUE	TRUE	TRUE	common	FALSE
Calb1	TRUE	TRUE	TRUE	common	FALSE
Cald1	TRUE	TRUE	TRUE	common	FALSE
Calm1	TRUE	TRUE	TRUE	common	FALSE
Calm2	TRUE	TRUE	TRUE	common	FALSE
Calm3	TRUE	TRUE	TRUE	common	FALSE
Camp	TRUE	TRUE	TRUE	common	FALSE
Carmn	TRUE	TRUE	TRUE	common	FALSE
Casp3	TRUE	TRUE	TRUE	common	FALSE
Casp8	TRUE	TRUE	TRUE	common	FALSE
Casr	TRUE	TRUE	TRUE	common	FALSE
Cav1	TRUE	TRUE	TRUE	common	FALSE
Ccdc80	TRUE	TRUE	FALSE	dataset_specific	FALSE
Ccl11	TRUE	TRUE	TRUE	common	FALSE
Ccl17	TRUE	TRUE	FALSE	dataset_specific	FALSE
Ccl19	TRUE	TRUE	TRUE	common	FALSE
Ccl2	TRUE	TRUE	TRUE	common	FALSE
Ccl20	TRUE	TRUE	TRUE	common	FALSE
Ccl21a/b/d	TRUE	TRUE	TRUE	common	FALSE
Ccl22	TRUE	TRUE	FALSE	dataset_specific	FALSE
Ccl26	TRUE	TRUE	TRUE	common	FALSE
Ccl28	TRUE	TRUE	TRUE	common	FALSE
Ccl3	TRUE	TRUE	TRUE	common	FALSE
Ccl4	TRUE	TRUE	TRUE	common	FALSE
Ccl5	TRUE	TRUE	TRUE	common	FALSE
Ccl8	TRUE	TRUE	TRUE	common	FALSE
Ccl9	TRUE	TRUE	TRUE	common	FALSE
Ccnd1	TRUE	TRUE	TRUE	common	FALSE
Ccr1	TRUE	TRUE	TRUE	common	FALSE
Ccr10	TRUE	TRUE	TRUE	common	FALSE
Ccr2	TRUE	TRUE	TRUE	common	FALSE
Ccr5	TRUE	TRUE	TRUE	common	FALSE
Ccr7	TRUE	TRUE	TRUE	common	FALSE
Ccrl2	TRUE	TRUE	TRUE	common	FALSE
Cd14	TRUE	TRUE	TRUE	common	FALSE
Cd163	TRUE	TRUE	TRUE	common	FALSE
Cd164	TRUE	TRUE	TRUE	common	FALSE
Cd19	TRUE	TRUE	TRUE	common	FALSE
Cd2	TRUE	TRUE	TRUE	common	FALSE
Cd200r3	TRUE	TRUE	TRUE	common	FALSE
Cd209a	TRUE	TRUE	TRUE	common	FALSE
Cd209e	TRUE	TRUE	TRUE	common	FALSE
Cd21	FALSE	FALSE	TRUE	dataset_specific	TRUE
Cd22	TRUE	TRUE	FALSE	dataset_specific	FALSE
Cd244a	TRUE	TRUE	TRUE	common	FALSE
Cd24a	TRUE	TRUE	TRUE	common	FALSE
Cd27	TRUE	TRUE	TRUE	common	FALSE
Cd274	TRUE	TRUE	TRUE	common	FALSE
Cd276	TRUE	TRUE	TRUE	common	FALSE
Cd28	TRUE	TRUE	TRUE	common	FALSE
Cd300a	TRUE	TRUE	TRUE	common	FALSE
Cd33	TRUE	TRUE	TRUE	common	FALSE
Cd34	TRUE	TRUE	TRUE	common	FALSE
Cd36	TRUE	TRUE	TRUE	common	FALSE
Cd37	TRUE	TRUE	TRUE	common	FALSE
Cd38	TRUE	TRUE	TRUE	common	FALSE
Cd3d	TRUE	TRUE	TRUE	common	FALSE
Cd3e	TRUE	TRUE	TRUE	common	FALSE
Cd3g	TRUE	TRUE	TRUE	common	FALSE
Cd4	TRUE	TRUE	TRUE	common	FALSE
Cd40	TRUE	TRUE	TRUE	common	FALSE
Cd40lg	TRUE	TRUE	TRUE	common	FALSE
Cd44	TRUE	TRUE	TRUE	common	FALSE
Cd47	TRUE	TRUE	TRUE	common	FALSE
Cd48	TRUE	TRUE	TRUE	common	FALSE
Cd52	TRUE	TRUE	TRUE	common	FALSE
Cd53	TRUE	TRUE	TRUE	common	FALSE
Cd55	TRUE	TRUE	TRUE	common	FALSE
Cd59a	TRUE	TRUE	TRUE	common	FALSE
Cd5l	TRUE	TRUE	TRUE	common	FALSE
Cd6	TRUE	TRUE	TRUE	common	FALSE
Cd63	TRUE	TRUE	TRUE	common	FALSE
Cd68	TRUE	TRUE	TRUE	common	FALSE
Cd69	TRUE	TRUE	TRUE	common	FALSE
Cd70	TRUE	TRUE	TRUE	common	FALSE
Cd74	TRUE	TRUE	TRUE	common	FALSE
Cd79a	TRUE	TRUE	TRUE	common	FALSE
Cd80	TRUE	TRUE	TRUE	common	FALSE
Cd81	TRUE	TRUE	TRUE	common	FALSE
Cd83	TRUE	TRUE	TRUE	common	FALSE
Cd84	TRUE	TRUE	TRUE	common	FALSE
Cd86	TRUE	TRUE	TRUE	common	FALSE
Cd8a	TRUE	TRUE	TRUE	common	FALSE
Cd8b1	TRUE	TRUE	TRUE	common	FALSE
Cd9	TRUE	TRUE	TRUE	common	FALSE
Cd93	TRUE	TRUE	FALSE	dataset_specific	FALSE
Cdh1	TRUE	TRUE	TRUE	common	FALSE
Cdh11	TRUE	TRUE	TRUE	common	FALSE
Cdh19	TRUE	TRUE	TRUE	common	FALSE
Cdh5	TRUE	TRUE	TRUE	common	FALSE
Cdkn1a	TRUE	TRUE	TRUE	common	FALSE
Cdkn3	TRUE	TRUE	TRUE	common	FALSE
Ceacam1	TRUE	TRUE	TRUE	common	FALSE
Ceacam3	TRUE	TRUE	TRUE	common	FALSE
Celsr1	TRUE	TRUE	TRUE	common	FALSE
Celsr2	TRUE	TRUE	TRUE	common	FALSE
Cenpf	TRUE	TRUE	TRUE	common	FALSE
Cfd	TRUE	TRUE	TRUE	common	FALSE
Cflar	TRUE	TRUE	TRUE	common	FALSE
Chek1	TRUE	TRUE	TRUE	common	FALSE
Chek2	TRUE	TRUE	TRUE	common	FALSE
Chil1	TRUE	TRUE	TRUE	common	FALSE
Cidea	TRUE	TRUE	TRUE	common	FALSE
Ciita	TRUE	TRUE	TRUE	common	FALSE
Clcf1	TRUE	TRUE	TRUE	common	FALSE
Cldn4	TRUE	TRUE	TRUE	common	FALSE
Clec10a	TRUE	TRUE	TRUE	common	FALSE
Clec12a	TRUE	TRUE	TRUE	common	FALSE
Clec14a	TRUE	TRUE	TRUE	common	FALSE
Clec1a	TRUE	TRUE	TRUE	common	FALSE
Clec2d	TRUE	TRUE	TRUE	common	FALSE
Clec4a1	TRUE	TRUE	TRUE	common	FALSE
Clec4d	TRUE	TRUE	TRUE	common	FALSE
Clec4e	TRUE	TRUE	TRUE	common	FALSE
Clec5a	TRUE	TRUE	TRUE	common	FALSE
Clec7a	TRUE	TRUE	TRUE	common	FALSE
Clock	TRUE	TRUE	TRUE	common	FALSE
Clu	TRUE	TRUE	TRUE	common	FALSE
Cmklr1	TRUE	TRUE	TRUE	common	FALSE
Cntfr	TRUE	TRUE	TRUE	common	FALSE
Col11a1	TRUE	TRUE	TRUE	common	FALSE
Col12a1	TRUE	TRUE	TRUE	common	FALSE
Col14a1	TRUE	TRUE	TRUE	common	FALSE
Col15a1	TRUE	TRUE	TRUE	common	FALSE
Col16a1	TRUE	TRUE	TRUE	common	FALSE
Col17a1	TRUE	TRUE	TRUE	common	FALSE
Col18a1	TRUE	TRUE	TRUE	common	FALSE
Col1a1	TRUE	TRUE	TRUE	common	FALSE
Col1a2	TRUE	TRUE	TRUE	common	FALSE
Col27a1	TRUE	TRUE	TRUE	common	FALSE
Col3a1	TRUE	TRUE	TRUE	common	FALSE
Col4a1	TRUE	TRUE	TRUE	common	FALSE
Col4a2	TRUE	TRUE	TRUE	common	FALSE
Col4a5	TRUE	TRUE	TRUE	common	FALSE
Col5a1	TRUE	TRUE	TRUE	common	FALSE
Col5a2	TRUE	TRUE	TRUE	common	FALSE
Col5a3	TRUE	TRUE	TRUE	common	FALSE
Col6a1	TRUE	TRUE	TRUE	common	FALSE
Col6a2	TRUE	TRUE	TRUE	common	FALSE
Col6a3	TRUE	TRUE	TRUE	common	FALSE
Col8a1	TRUE	TRUE	TRUE	common	FALSE
Col9a2	TRUE	TRUE	TRUE	common	FALSE
Col9a3	TRUE	TRUE	TRUE	common	FALSE
Coro1b	TRUE	TRUE	TRUE	common	FALSE
Cotl1	TRUE	TRUE	TRUE	common	FALSE
Cox4i2	TRUE	TRUE	FALSE	dataset_specific	FALSE
Cpa3	TRUE	TRUE	TRUE	common	FALSE
Cpb1	TRUE	TRUE	TRUE	common	FALSE
Cpne4	FALSE	FALSE	TRUE	dataset_specific	TRUE
Crip1	TRUE	TRUE	TRUE	common	FALSE
Crp	TRUE	TRUE	TRUE	common	FALSE
Cryab	TRUE	TRUE	TRUE	common	FALSE
Csf1	TRUE	TRUE	TRUE	common	FALSE
Csf1r	TRUE	TRUE	TRUE	common	FALSE
Csf2	TRUE	TRUE	TRUE	common	FALSE
Csf2ra	TRUE	TRUE	TRUE	common	FALSE
Csf2rb	TRUE	TRUE	TRUE	common	FALSE
Csf3	TRUE	TRUE	TRUE	common	FALSE
Csf3r	TRUE	TRUE	TRUE	common	FALSE
Csk	TRUE	TRUE	TRUE	common	FALSE
Cspg4	TRUE	TRUE	FALSE	dataset_specific	FALSE
Cst7	TRUE	TRUE	TRUE	common	FALSE
Cstb	TRUE	TRUE	FALSE	dataset_specific	FALSE
Ctla4	TRUE	TRUE	TRUE	common	FALSE
Ctnnb1	TRUE	TRUE	TRUE	common	FALSE
Ctsd	TRUE	TRUE	FALSE	dataset_specific	FALSE
Ctsg	TRUE	TRUE	TRUE	common	FALSE
Ctsw	TRUE	TRUE	TRUE	common	FALSE
Cuzd1	TRUE	TRUE	TRUE	common	FALSE
Cx3cl1	TRUE	TRUE	TRUE	common	FALSE
Cx3cr1	TRUE	TRUE	TRUE	common	FALSE
Cxcl1	TRUE	TRUE	TRUE	common	FALSE
Cxcl10	TRUE	TRUE	TRUE	common	FALSE
Cxcl12	TRUE	TRUE	TRUE	common	FALSE
Cxcl13	TRUE	TRUE	FALSE	dataset_specific	FALSE
Cxcl14	TRUE	TRUE	TRUE	common	FALSE
Cxcl16	TRUE	TRUE	TRUE	common	FALSE
Cxcl17	TRUE	TRUE	TRUE	common	FALSE
Cxcl2	TRUE	TRUE	TRUE	common	FALSE
Cxcl3	TRUE	TRUE	TRUE	common	FALSE
Cxcl5	TRUE	TRUE	TRUE	common	FALSE
Cxcl9	TRUE	TRUE	TRUE	common	FALSE
Cxcr1	TRUE	TRUE	TRUE	common	FALSE
Cxcr3	TRUE	TRUE	TRUE	common	FALSE
Cxcr4	TRUE	TRUE	TRUE	common	FALSE
Cxcr5	TRUE	TRUE	TRUE	common	FALSE
Cxcr6	TRUE	TRUE	TRUE	common	FALSE
Cyp1b1	TRUE	TRUE	TRUE	common	FALSE
Cyp2u1	TRUE	TRUE	TRUE	common	FALSE
Cystm1	TRUE	TRUE	TRUE	common	FALSE
Dcn	TRUE	TRUE	TRUE	common	FALSE
Ddc	TRUE	TRUE	TRUE	common	FALSE
Ddit3	TRUE	TRUE	TRUE	common	FALSE
Ddr1	TRUE	TRUE	TRUE	common	FALSE
Ddr2	TRUE	TRUE	TRUE	common	FALSE
Dhrs2	TRUE	TRUE	TRUE	common	FALSE
Dll1	TRUE	TRUE	TRUE	common	FALSE
Dll4	TRUE	TRUE	TRUE	common	FALSE
Dmbt1	TRUE	TRUE	TRUE	common	FALSE
Dnmt1	TRUE	TRUE	TRUE	common	FALSE
Dnmt3a	TRUE	TRUE	TRUE	common	FALSE
Dpp4	TRUE	TRUE	TRUE	common	FALSE
Dpt	TRUE	TRUE	FALSE	dataset_specific	FALSE
Dpyd	FALSE	FALSE	TRUE	dataset_specific	TRUE
Dst	TRUE	TRUE	TRUE	common	FALSE
Dusp1	TRUE	TRUE	TRUE	common	FALSE
Dusp2	TRUE	TRUE	TRUE	common	FALSE
Dusp4	TRUE	TRUE	TRUE	common	FALSE
Dusp5	TRUE	TRUE	TRUE	common	FALSE
Dusp6	TRUE	TRUE	TRUE	common	FALSE
Efna1	TRUE	TRUE	TRUE	common	FALSE
Efna4	TRUE	TRUE	TRUE	common	FALSE
Efna5	TRUE	TRUE	TRUE	common	FALSE
Efnb1	TRUE	TRUE	TRUE	common	FALSE
Efnb2	TRUE	TRUE	TRUE	common	FALSE
Egf	TRUE	TRUE	TRUE	common	FALSE
Egfr	TRUE	TRUE	TRUE	common	FALSE
Eif5a	TRUE	TRUE	TRUE	common	FALSE
Elane	TRUE	TRUE	TRUE	common	FALSE
Emp3	TRUE	TRUE	TRUE	common	FALSE
Eng	TRUE	TRUE	TRUE	common	FALSE
Eno1/b	TRUE	TRUE	TRUE	common	FALSE
Entpd1	TRUE	TRUE	TRUE	common	FALSE
Eomes	TRUE	TRUE	TRUE	common	FALSE
Epcam	TRUE	TRUE	TRUE	common	FALSE
Epha2	TRUE	TRUE	TRUE	common	FALSE
Epha3	TRUE	TRUE	TRUE	common	FALSE
Epha4	TRUE	TRUE	TRUE	common	FALSE
Epha7	TRUE	TRUE	TRUE	common	FALSE
Ephb2	TRUE	TRUE	TRUE	common	FALSE
Ephb3	TRUE	TRUE	TRUE	common	FALSE
Ephb4	TRUE	TRUE	TRUE	common	FALSE
Ephb6	TRUE	TRUE	TRUE	common	FALSE
Epor	TRUE	TRUE	TRUE	common	FALSE
Erbb2	TRUE	TRUE	TRUE	common	FALSE
Erbb3	TRUE	TRUE	TRUE	common	FALSE
Esam	TRUE	TRUE	TRUE	common	FALSE
Esr1	TRUE	TRUE	TRUE	common	FALSE
Ets1	TRUE	TRUE	TRUE	common	FALSE
Etv4	TRUE	TRUE	TRUE	common	FALSE
Etv5	TRUE	TRUE	TRUE	common	FALSE
Eya4	FALSE	FALSE	TRUE	dataset_specific	TRUE
Ezh2	TRUE	TRUE	TRUE	common	FALSE
Ezr	TRUE	TRUE	TRUE	common	FALSE
Fabp4	TRUE	TRUE	TRUE	common	FALSE
Fabp5	TRUE	TRUE	TRUE	common	FALSE
Fap	TRUE	TRUE	FALSE	dataset_specific	FALSE
Fas	TRUE	TRUE	TRUE	common	FALSE
Fasl	TRUE	TRUE	TRUE	common	FALSE
Fasn	TRUE	TRUE	TRUE	common	FALSE
Fau	TRUE	TRUE	TRUE	common	FALSE
Fcer1g	TRUE	TRUE	TRUE	common	FALSE
Fcgbp	TRUE	TRUE	TRUE	common	FALSE
Fcgr4	TRUE	TRUE	TRUE	common	FALSE
Fcrla	TRUE	TRUE	TRUE	common	FALSE
Fes	TRUE	TRUE	TRUE	common	FALSE
Ffar2	TRUE	TRUE	TRUE	common	FALSE
Ffar3	TRUE	TRUE	TRUE	common	FALSE
Ffar4	TRUE	TRUE	TRUE	common	FALSE
Fgf1	TRUE	TRUE	TRUE	common	FALSE
Fgf12	TRUE	TRUE	TRUE	common	FALSE
Fgf13	TRUE	TRUE	TRUE	common	FALSE
Fgf18	TRUE	TRUE	TRUE	common	FALSE
Fgf2	TRUE	TRUE	TRUE	common	FALSE
Fgf7	TRUE	TRUE	TRUE	common	FALSE
Fgf9	TRUE	TRUE	TRUE	common	FALSE
Fgfr1	TRUE	TRUE	TRUE	common	FALSE
Fgfr2	TRUE	TRUE	TRUE	common	FALSE
Fgfr3	TRUE	TRUE	TRUE	common	FALSE
Fgg	TRUE	TRUE	TRUE	common	FALSE
Fgr	TRUE	TRUE	TRUE	common	FALSE
Fhit	TRUE	TRUE	TRUE	common	FALSE
Fkbp11	TRUE	TRUE	TRUE	common	FALSE
Fkbp5	TRUE	TRUE	TRUE	common	FALSE
Flt1	TRUE	TRUE	TRUE	common	FALSE
Flt3l	TRUE	TRUE	TRUE	common	FALSE
Fn1	TRUE	TRUE	TRUE	common	FALSE
Fos	TRUE	TRUE	TRUE	common	FALSE
Foxf1	TRUE	TRUE	TRUE	common	FALSE
Foxp3	TRUE	TRUE	TRUE	common	FALSE
Fpr1	TRUE	TRUE	TRUE	common	FALSE
Frmd8	TRUE	TRUE	TRUE	common	FALSE
Fyb	TRUE	TRUE	TRUE	common	FALSE
Fyn	TRUE	TRUE	TRUE	common	FALSE
Fzd1	TRUE	TRUE	TRUE	common	FALSE
Fzd3	TRUE	TRUE	TRUE	common	FALSE
Fzd4	TRUE	TRUE	TRUE	common	FALSE
Fzd5	TRUE	TRUE	TRUE	common	FALSE
Fzd6	TRUE	TRUE	TRUE	common	FALSE
Fzd7	TRUE	TRUE	TRUE	common	FALSE
Fzd8	TRUE	TRUE	TRUE	common	FALSE
G0s2	TRUE	TRUE	FALSE	dataset_specific	FALSE
G6pd2	TRUE	TRUE	TRUE	common	FALSE
Gadd45b	TRUE	TRUE	TRUE	common	FALSE
Gas6	TRUE	TRUE	TRUE	common	FALSE
Gata3	TRUE	TRUE	TRUE	common	FALSE
Gc	TRUE	TRUE	TRUE	common	FALSE
Gcg	TRUE	TRUE	TRUE	common	FALSE
Gdf15	TRUE	TRUE	TRUE	common	FALSE
Gh	TRUE	TRUE	TRUE	common	FALSE
Glud1	TRUE	TRUE	TRUE	common	FALSE
Glul	TRUE	TRUE	TRUE	common	FALSE
Gm13889	TRUE	TRUE	TRUE	common	FALSE
Gpbar1	TRUE	TRUE	TRUE	common	FALSE
Gper1	TRUE	TRUE	TRUE	common	FALSE
Gpnmb	TRUE	TRUE	TRUE	common	FALSE
Gpr183	TRUE	TRUE	TRUE	common	FALSE
Gpx1	TRUE	TRUE	TRUE	common	FALSE
Gpx3	TRUE	TRUE	TRUE	common	FALSE
Gsk3b	TRUE	TRUE	FALSE	dataset_specific	FALSE
Gsn	TRUE	TRUE	TRUE	common	FALSE
Gstm1	FALSE	FALSE	TRUE	dataset_specific	TRUE
Gstp1/2	TRUE	TRUE	TRUE	common	FALSE
Gzma	TRUE	TRUE	TRUE	common	FALSE
Gzmb	TRUE	TRUE	TRUE	common	FALSE
Gzmf	TRUE	TRUE	TRUE	common	FALSE
Gzmg	TRUE	TRUE	TRUE	common	FALSE
Gzmk	TRUE	TRUE	TRUE	common	FALSE
H2-Aa	TRUE	TRUE	TRUE	common	FALSE
H2-Ab1	TRUE	TRUE	TRUE	common	FALSE
H2-D1	TRUE	TRUE	TRUE	common	FALSE
H2-DMa	TRUE	TRUE	TRUE	common	FALSE
H2-DMb1	TRUE	TRUE	TRUE	common	FALSE
H2-DMb2	TRUE	TRUE	TRUE	common	FALSE
H2-Eb1	TRUE	TRUE	TRUE	common	FALSE
H2-K1	TRUE	TRUE	TRUE	common	FALSE
H2-M3	TRUE	TRUE	TRUE	common	FALSE
H2-Ob	TRUE	TRUE	TRUE	common	FALSE
H2-Pa	TRUE	TRUE	TRUE	common	FALSE
H2-Q1	TRUE	TRUE	TRUE	common	FALSE
H2-Q10	TRUE	TRUE	TRUE	common	FALSE
H2-Q2	TRUE	TRUE	TRUE	common	FALSE
H2-T23	TRUE	TRUE	TRUE	common	FALSE
H2az1	TRUE	TRUE	TRUE	common	FALSE
Havcr2	TRUE	TRUE	TRUE	common	FALSE
Hba-a1/2	TRUE	TRUE	TRUE	common	FALSE
Hbb	TRUE	TRUE	TRUE	common	FALSE
Hcar2	TRUE	TRUE	TRUE	common	FALSE
Hck	TRUE	TRUE	TRUE	common	FALSE
Hcst	TRUE	TRUE	TRUE	common	FALSE
Hdac1	TRUE	TRUE	TRUE	common	FALSE
Hdac11	TRUE	TRUE	TRUE	common	FALSE
Hdac3	TRUE	TRUE	TRUE	common	FALSE
Hdac4	TRUE	TRUE	TRUE	common	FALSE
Hdac5	TRUE	TRUE	TRUE	common	FALSE
Hexb	TRUE	TRUE	FALSE	dataset_specific	FALSE
Hey1	TRUE	TRUE	TRUE	common	FALSE
Hgf	TRUE	TRUE	TRUE	common	FALSE
Hif1a	TRUE	TRUE	TRUE	common	FALSE
Hilpda	TRUE	TRUE	TRUE	common	FALSE
Hmgb2	TRUE	TRUE	TRUE	common	FALSE
Hmgcs1	TRUE	TRUE	FALSE	dataset_specific	FALSE
Hopx	FALSE	FALSE	TRUE	dataset_specific	TRUE
Hpgds	TRUE	TRUE	TRUE	common	FALSE
Hsd17b2	TRUE	TRUE	TRUE	common	FALSE
Hsp90aa1	TRUE	TRUE	TRUE	common	FALSE
Hsp90ab1	TRUE	TRUE	TRUE	common	FALSE
Hsp90b1	TRUE	TRUE	TRUE	common	FALSE
Hspa1a	TRUE	TRUE	TRUE	common	FALSE
Hspa1b	TRUE	TRUE	TRUE	common	FALSE
Hspb1	TRUE	TRUE	TRUE	common	FALSE
Hspg2	TRUE	TRUE	FALSE	dataset_specific	FALSE
Htt	TRUE	TRUE	TRUE	common	FALSE
Iapp	TRUE	TRUE	TRUE	common	FALSE
Ica1	TRUE	TRUE	TRUE	common	FALSE
Icam1	TRUE	TRUE	TRUE	common	FALSE
Icam2	TRUE	TRUE	TRUE	common	FALSE
Icos	TRUE	TRUE	TRUE	common	FALSE
Icosl	TRUE	TRUE	TRUE	common	FALSE
Ido1	TRUE	TRUE	TRUE	common	FALSE
Ier3	TRUE	TRUE	TRUE	common	FALSE
Ifi27	TRUE	TRUE	TRUE	common	FALSE
Ifi44l	TRUE	TRUE	TRUE	common	FALSE
Ifih1	TRUE	TRUE	TRUE	common	FALSE
Ifit1	TRUE	TRUE	TRUE	common	FALSE
Ifit3/b	TRUE	TRUE	TRUE	common	FALSE
Ifitm1	TRUE	TRUE	TRUE	common	FALSE
Ifitm2	TRUE	TRUE	TRUE	common	FALSE
Ifitm3	TRUE	TRUE	TRUE	common	FALSE
Ifna	TRUE	TRUE	TRUE	common	FALSE
Ifnar1	TRUE	TRUE	TRUE	common	FALSE
Ifnar2	TRUE	TRUE	TRUE	common	FALSE
Ifng	TRUE	TRUE	TRUE	common	FALSE
Ifngr1	TRUE	TRUE	TRUE	common	FALSE
Ifngr2	TRUE	TRUE	TRUE	common	FALSE
Ifnl2/3	TRUE	TRUE	TRUE	common	FALSE
Igf1	TRUE	TRUE	TRUE	common	FALSE
Igf1r	TRUE	TRUE	TRUE	common	FALSE
Igf2	TRUE	TRUE	TRUE	common	FALSE
Igf2r	TRUE	TRUE	TRUE	common	FALSE
Igfbp3	TRUE	TRUE	TRUE	common	FALSE
Igfbp5	TRUE	TRUE	TRUE	common	FALSE
Igfbp6	TRUE	TRUE	FALSE	dataset_specific	FALSE
Igfbp7	TRUE	TRUE	TRUE	common	FALSE
Igha	TRUE	TRUE	TRUE	common	FALSE
Ighd	TRUE	TRUE	TRUE	common	FALSE
Ighg1	TRUE	TRUE	TRUE	common	FALSE
Ighm	TRUE	TRUE	TRUE	common	FALSE
Igkc	TRUE	TRUE	TRUE	common	FALSE
Ikzf3	TRUE	TRUE	TRUE	common	FALSE
Il10	TRUE	TRUE	TRUE	common	FALSE
Il10ra	TRUE	TRUE	TRUE	common	FALSE
Il10rb	TRUE	TRUE	TRUE	common	FALSE
Il11	TRUE	TRUE	TRUE	common	FALSE
Il11ra1/2	TRUE	TRUE	TRUE	common	FALSE
Il12a	TRUE	TRUE	TRUE	common	FALSE
Il12b	TRUE	TRUE	TRUE	common	FALSE
Il12rb1	TRUE	TRUE	TRUE	common	FALSE
Il12rb2	TRUE	TRUE	TRUE	common	FALSE
Il13ra1	TRUE	TRUE	TRUE	common	FALSE
Il15	TRUE	TRUE	TRUE	common	FALSE
Il15ra	TRUE	TRUE	TRUE	common	FALSE
Il16	TRUE	TRUE	TRUE	common	FALSE
Il17a	TRUE	TRUE	TRUE	common	FALSE
Il17b	TRUE	TRUE	TRUE	common	FALSE
Il17d	TRUE	TRUE	TRUE	common	FALSE
Il17ra	TRUE	TRUE	TRUE	common	FALSE
Il17rb	TRUE	TRUE	TRUE	common	FALSE
Il17re	TRUE	TRUE	TRUE	common	FALSE
Il18	TRUE	TRUE	TRUE	common	FALSE
Il18r1	TRUE	TRUE	TRUE	common	FALSE
Il1a	TRUE	TRUE	TRUE	common	FALSE
Il1b	TRUE	TRUE	TRUE	common	FALSE
Il1r1	TRUE	TRUE	TRUE	common	FALSE
Il1r2	TRUE	TRUE	TRUE	common	FALSE
Il1rap	TRUE	TRUE	TRUE	common	FALSE
Il1rl1	TRUE	TRUE	TRUE	common	FALSE
Il1rn	TRUE	TRUE	TRUE	common	FALSE
Il2	TRUE	TRUE	TRUE	common	FALSE
Il20	TRUE	TRUE	TRUE	common	FALSE
Il20ra	TRUE	TRUE	TRUE	common	FALSE
Il22ra1	TRUE	TRUE	TRUE	common	FALSE
Il23a	TRUE	TRUE	TRUE	common	FALSE
Il24	TRUE	TRUE	TRUE	common	FALSE
Il27ra	TRUE	TRUE	TRUE	common	FALSE
Il2ra	TRUE	TRUE	TRUE	common	FALSE
Il2rb	TRUE	TRUE	TRUE	common	FALSE
Il2rg	TRUE	TRUE	TRUE	common	FALSE
Il33	TRUE	TRUE	TRUE	common	FALSE
Il34	TRUE	TRUE	TRUE	common	FALSE
Il36g	TRUE	TRUE	TRUE	common	FALSE
Il3ra	TRUE	TRUE	TRUE	common	FALSE
Il4ra	TRUE	TRUE	TRUE	common	FALSE
Il6	TRUE	TRUE	TRUE	common	FALSE
Il6ra	TRUE	TRUE	TRUE	common	FALSE
Il6st	TRUE	TRUE	TRUE	common	FALSE
Il7	TRUE	TRUE	TRUE	common	FALSE
Il7r	TRUE	TRUE	TRUE	common	FALSE
Inha	TRUE	TRUE	TRUE	common	FALSE
Inhba	TRUE	TRUE	TRUE	common	FALSE
Inhbb	TRUE	TRUE	TRUE	common	FALSE
Ins1	TRUE	TRUE	TRUE	common	FALSE
Insig1	TRUE	TRUE	FALSE	dataset_specific	FALSE
Insr	TRUE	TRUE	TRUE	common	FALSE
Irf3	TRUE	TRUE	TRUE	common	FALSE
Irf4	TRUE	TRUE	TRUE	common	FALSE
Isg15	TRUE	TRUE	FALSE	dataset_specific	FALSE
Itga1	TRUE	TRUE	TRUE	common	FALSE
Itga2	TRUE	TRUE	TRUE	common	FALSE
Itga3	TRUE	TRUE	TRUE	common	FALSE
Itga5	TRUE	TRUE	TRUE	common	FALSE
Itga6	TRUE	TRUE	TRUE	common	FALSE
Itga8	TRUE	TRUE	TRUE	common	FALSE
Itga9	TRUE	TRUE	TRUE	common	FALSE
Itgae	TRUE	TRUE	TRUE	common	FALSE
Itgal	TRUE	TRUE	TRUE	common	FALSE
Itgam	TRUE	TRUE	TRUE	common	FALSE
Itgav	TRUE	TRUE	TRUE	common	FALSE
Itgax	TRUE	TRUE	TRUE	common	FALSE
Itgb1	TRUE	TRUE	TRUE	common	FALSE
Itgb2	TRUE	TRUE	TRUE	common	FALSE
Itgb4	TRUE	TRUE	TRUE	common	FALSE
Itgb5	TRUE	TRUE	TRUE	common	FALSE
Itgb6	TRUE	TRUE	TRUE	common	FALSE
Itgb8	TRUE	TRUE	TRUE	common	FALSE
Itk	TRUE	TRUE	TRUE	common	FALSE
Itm2a	TRUE	TRUE	TRUE	common	FALSE
Itm2b	TRUE	TRUE	FALSE	dataset_specific	FALSE
Jag1	TRUE	TRUE	TRUE	common	FALSE
Jak1	TRUE	TRUE	TRUE	common	FALSE
Jak2	TRUE	TRUE	TRUE	common	FALSE
Jchain	TRUE	TRUE	TRUE	common	FALSE
Jun	TRUE	TRUE	TRUE	common	FALSE
Junb	TRUE	TRUE	TRUE	common	FALSE
Kdr	TRUE	TRUE	TRUE	common	FALSE
Kir3dl1/2	TRUE	TRUE	TRUE	common	FALSE
Kit	TRUE	TRUE	TRUE	common	FALSE
Kitl	TRUE	TRUE	TRUE	common	FALSE
Klf2	TRUE	TRUE	TRUE	common	FALSE
Klra17	TRUE	TRUE	TRUE	common	FALSE
Klrb1	TRUE	TRUE	TRUE	common	FALSE
Klrb1c	TRUE	TRUE	TRUE	common	FALSE
Klrk1	TRUE	TRUE	TRUE	common	FALSE
Kras	TRUE	TRUE	TRUE	common	FALSE
Krt1	TRUE	TRUE	TRUE	common	FALSE
Krt10	TRUE	TRUE	TRUE	common	FALSE
Krt13	TRUE	TRUE	TRUE	common	FALSE
Krt14	TRUE	TRUE	TRUE	common	FALSE
Krt15	TRUE	TRUE	TRUE	common	FALSE
Krt16	TRUE	TRUE	TRUE	common	FALSE
Krt17	TRUE	TRUE	TRUE	common	FALSE
Krt18	TRUE	TRUE	TRUE	common	FALSE
Krt19	TRUE	TRUE	TRUE	common	FALSE
Krt20	TRUE	TRUE	TRUE	common	FALSE
Krt23	TRUE	TRUE	TRUE	common	FALSE
Krt4	TRUE	TRUE	TRUE	common	FALSE
Krt6a	TRUE	TRUE	TRUE	common	FALSE
Krt6b	TRUE	TRUE	TRUE	common	FALSE
Krt7	TRUE	TRUE	TRUE	common	FALSE
Krt8	TRUE	TRUE	TRUE	common	FALSE
Krt80	TRUE	TRUE	TRUE	common	FALSE
Krt86	TRUE	TRUE	TRUE	common	FALSE
Lag3	TRUE	TRUE	TRUE	common	FALSE
Lair1	TRUE	TRUE	TRUE	common	FALSE
Lama4	TRUE	TRUE	FALSE	dataset_specific	FALSE
Lamp2	TRUE	TRUE	TRUE	common	FALSE
Lamp3	TRUE	TRUE	TRUE	common	FALSE
Lcn2	TRUE	TRUE	TRUE	common	FALSE
Ldb2	TRUE	TRUE	TRUE	common	FALSE
Ldha	TRUE	TRUE	TRUE	common	FALSE
Ldlr	TRUE	TRUE	TRUE	common	FALSE
Lefty1	TRUE	TRUE	TRUE	common	FALSE
Lep	TRUE	TRUE	TRUE	common	FALSE
Lgals1	TRUE	TRUE	TRUE	common	FALSE
Lgals3	TRUE	TRUE	TRUE	common	FALSE
Lgals3bp	TRUE	TRUE	TRUE	common	FALSE
Lgals9	TRUE	TRUE	TRUE	common	FALSE
Lgr5	TRUE	TRUE	TRUE	common	FALSE
Lif	TRUE	TRUE	TRUE	common	FALSE
Lifr	TRUE	TRUE	TRUE	common	FALSE
Lmna	TRUE	TRUE	TRUE	common	FALSE
Lpar5	TRUE	TRUE	TRUE	common	FALSE
Ltb	TRUE	TRUE	TRUE	common	FALSE
Ltbr	TRUE	TRUE	TRUE	common	FALSE
Ltf	TRUE	TRUE	TRUE	common	FALSE
Lum	TRUE	TRUE	TRUE	common	FALSE
Ly6d	TRUE	TRUE	TRUE	common	FALSE
Ly75	TRUE	TRUE	TRUE	common	FALSE
Lyn	TRUE	TRUE	TRUE	common	FALSE
Lyve1	TRUE	TRUE	FALSE	dataset_specific	FALSE
Lyz3	TRUE	TRUE	TRUE	common	FALSE
Maf	TRUE	TRUE	TRUE	common	FALSE
Maml2	TRUE	TRUE	TRUE	common	FALSE
Map1lc3b	TRUE	TRUE	TRUE	common	FALSE
Map2k1	TRUE	TRUE	FALSE	dataset_specific	FALSE
Mapk13	TRUE	TRUE	TRUE	common	FALSE
Mapk14	TRUE	TRUE	TRUE	common	FALSE
Marcksl1	TRUE	TRUE	FALSE	dataset_specific	FALSE
Marco	TRUE	TRUE	TRUE	common	FALSE
Mb	TRUE	TRUE	TRUE	common	FALSE
Mcpt8	TRUE	TRUE	TRUE	common	FALSE
Mecom	TRUE	TRUE	TRUE	common	FALSE
Meg3	TRUE	TRUE	TRUE	common	FALSE
Mertk	TRUE	TRUE	TRUE	common	FALSE
Met	TRUE	TRUE	TRUE	common	FALSE
Mfap5	TRUE	TRUE	TRUE	common	FALSE
Mgp	TRUE	TRUE	TRUE	common	FALSE
Mif	TRUE	TRUE	TRUE	common	FALSE
Mki67	TRUE	TRUE	TRUE	common	FALSE
Mlh1	TRUE	TRUE	TRUE	common	FALSE
Mmp12	TRUE	TRUE	TRUE	common	FALSE
Mmp14	TRUE	TRUE	TRUE	common	FALSE
Mmp19	TRUE	TRUE	TRUE	common	FALSE
Mmp1a	TRUE	TRUE	TRUE	common	FALSE
Mmp2	TRUE	TRUE	TRUE	common	FALSE
Mmp7	TRUE	TRUE	TRUE	common	FALSE
Mmp9	TRUE	TRUE	TRUE	common	FALSE
Mpo	TRUE	TRUE	TRUE	common	FALSE
Mrc1	TRUE	TRUE	TRUE	common	FALSE
Mrc2	TRUE	TRUE	TRUE	common	FALSE
Ms4a1	TRUE	TRUE	TRUE	common	FALSE
Ms4a4a	TRUE	TRUE	FALSE	dataset_specific	FALSE
Ms4a4b	TRUE	TRUE	TRUE	common	FALSE
Ms4a6b	TRUE	TRUE	TRUE	common	FALSE
Msh2	TRUE	TRUE	TRUE	common	FALSE
Msmb	TRUE	TRUE	TRUE	common	FALSE
Msr1	TRUE	TRUE	TRUE	common	FALSE
Mst1r	TRUE	TRUE	TRUE	common	FALSE
Mt1	TRUE	TRUE	TRUE	common	FALSE
Mt2	TRUE	TRUE	TRUE	common	FALSE
Mthfd1l	TRUE	TRUE	TRUE	common	FALSE
Mtor	TRUE	TRUE	TRUE	common	FALSE
Muc1	TRUE	TRUE	TRUE	common	FALSE
Mum1	FALSE	FALSE	TRUE	dataset_specific	TRUE
Mx1	TRUE	TRUE	TRUE	common	FALSE
Mxra8	TRUE	TRUE	TRUE	common	FALSE
Myc	TRUE	TRUE	TRUE	common	FALSE
Myh11	TRUE	TRUE	TRUE	common	FALSE
Myh6	TRUE	TRUE	TRUE	common	FALSE
Myl12a	TRUE	TRUE	TRUE	common	FALSE
Myl12b	TRUE	TRUE	TRUE	common	FALSE
Myl4	TRUE	TRUE	TRUE	common	FALSE
Myl7	TRUE	TRUE	TRUE	common	FALSE
Myl9	TRUE	TRUE	TRUE	common	FALSE
Mzb1	TRUE	TRUE	TRUE	common	FALSE
Mzt2	TRUE	TRUE	TRUE	common	FALSE
Naca	TRUE	TRUE	TRUE	common	FALSE
Nanog	TRUE	TRUE	TRUE	common	FALSE
Ncam1	TRUE	TRUE	FALSE	dataset_specific	FALSE
Ncr1	TRUE	TRUE	TRUE	common	FALSE
Ndrg1	TRUE	TRUE	TRUE	common	FALSE
Ndufa4l2	TRUE	TRUE	FALSE	dataset_specific	FALSE
Neat1	TRUE	TRUE	TRUE	common	FALSE
Nell2	TRUE	TRUE	TRUE	common	FALSE
Nfkb1	TRUE	TRUE	TRUE	common	FALSE
Nfkbia	TRUE	TRUE	TRUE	common	FALSE
Ngfr	TRUE	TRUE	TRUE	common	FALSE
Nkg7	TRUE	TRUE	TRUE	common	FALSE
Nlrc4	TRUE	TRUE	TRUE	common	FALSE
Nlrc5	TRUE	TRUE	TRUE	common	FALSE
Nlrp1a	TRUE	TRUE	TRUE	common	FALSE
Nlrp2	TRUE	TRUE	TRUE	common	FALSE
Nlrp3	TRUE	TRUE	TRUE	common	FALSE
Nod2	TRUE	TRUE	TRUE	common	FALSE
Nosip	TRUE	TRUE	TRUE	common	FALSE
Notch1	TRUE	TRUE	TRUE	common	FALSE
Notch2	TRUE	TRUE	TRUE	common	FALSE
Notch3	TRUE	TRUE	TRUE	common	FALSE
Nppc	TRUE	TRUE	TRUE	common	FALSE
Npr1	TRUE	TRUE	TRUE	common	FALSE
Npr2	TRUE	TRUE	TRUE	common	FALSE
Npr3	TRUE	TRUE	TRUE	common	FALSE
Nr1h2	TRUE	TRUE	TRUE	common	FALSE
Nr1h3	TRUE	TRUE	TRUE	common	FALSE
Nr2f2	TRUE	TRUE	FALSE	dataset_specific	FALSE
Nr3c1	TRUE	TRUE	TRUE	common	FALSE
Nrg1	TRUE	TRUE	TRUE	common	FALSE
Nrp1	FALSE	FALSE	TRUE	dataset_specific	TRUE
Nrxn1	TRUE	TRUE	TRUE	common	FALSE
Nrxn3	TRUE	TRUE	TRUE	common	FALSE
Nt5c3	TRUE	TRUE	TRUE	common	FALSE
Ntrk2	TRUE	TRUE	TRUE	common	FALSE
Nupr1	TRUE	TRUE	FALSE	dataset_specific	FALSE
Nusap1	TRUE	TRUE	TRUE	common	FALSE
Oas1a/g	TRUE	TRUE	TRUE	common	FALSE
Oas2	TRUE	TRUE	TRUE	common	FALSE
Oas3	TRUE	TRUE	TRUE	common	FALSE
Oasl1	TRUE	TRUE	TRUE	common	FALSE
Olfm4	TRUE	TRUE	TRUE	common	FALSE
Olr1	TRUE	TRUE	TRUE	common	FALSE
Osm	TRUE	TRUE	TRUE	common	FALSE
Osmr	TRUE	TRUE	TRUE	common	FALSE
p16	FALSE	FALSE	TRUE	dataset_specific	TRUE
P2rx5	TRUE	TRUE	TRUE	common	FALSE
Parp1	TRUE	TRUE	TRUE	common	FALSE
Pcna	TRUE	TRUE	TRUE	common	FALSE
Pdcd1	TRUE	TRUE	TRUE	common	FALSE
Pdcd1lg2	TRUE	TRUE	TRUE	common	FALSE
Pdgfa	TRUE	TRUE	TRUE	common	FALSE
Pdgfb	TRUE	TRUE	TRUE	common	FALSE
Pdgfc	TRUE	TRUE	TRUE	common	FALSE
Pdgfd	TRUE	TRUE	TRUE	common	FALSE
Pdgfra	TRUE	TRUE	TRUE	common	FALSE
Pdgfrb	TRUE	TRUE	TRUE	common	FALSE
Pds5a	TRUE	TRUE	TRUE	common	FALSE
Pecam1	TRUE	TRUE	TRUE	common	FALSE
Pf4	TRUE	TRUE	TRUE	common	FALSE
Pfn1	TRUE	TRUE	TRUE	common	FALSE
Pgf	TRUE	TRUE	TRUE	common	FALSE
Pgk1	TRUE	TRUE	FALSE	dataset_specific	FALSE
Pgr	TRUE	TRUE	TRUE	common	FALSE
Phlda2	TRUE	TRUE	TRUE	common	FALSE
Pigr	TRUE	TRUE	TRUE	common	FALSE
Plac8	TRUE	TRUE	TRUE	common	FALSE
Plac9	TRUE	TRUE	TRUE	common	FALSE
Plau	FALSE	FALSE	TRUE	dataset_specific	TRUE
Plaur	FALSE	FALSE	TRUE	dataset_specific	TRUE
Plcg1	TRUE	TRUE	FALSE	dataset_specific	FALSE
Pld3	TRUE	TRUE	FALSE	dataset_specific	FALSE
Plekhg2	TRUE	TRUE	TRUE	common	FALSE
Pnoc	TRUE	TRUE	TRUE	common	FALSE
Porcn	FALSE	FALSE	TRUE	dataset_specific	TRUE
Pou5f1	TRUE	TRUE	TRUE	common	FALSE
Ppara	TRUE	TRUE	TRUE	common	FALSE
Ppard	TRUE	TRUE	TRUE	common	FALSE
Pparg	TRUE	TRUE	TRUE	common	FALSE
Ppia	TRUE	TRUE	TRUE	common	FALSE
Prf1	TRUE	TRUE	TRUE	common	FALSE
Prkci ex2	FALSE	FALSE	TRUE	dataset_specific	TRUE
Prox1	TRUE	TRUE	FALSE	dataset_specific	FALSE
Prss2	TRUE	TRUE	TRUE	common	FALSE
Prss34	TRUE	TRUE	TRUE	common	FALSE
Prtn3	TRUE	TRUE	TRUE	common	FALSE
Psap	TRUE	TRUE	TRUE	common	FALSE
Psca	TRUE	TRUE	TRUE	common	FALSE
Psd3	TRUE	TRUE	TRUE	common	FALSE
Pten	TRUE	TRUE	FALSE	dataset_specific	FALSE
Ptgdr2	TRUE	TRUE	TRUE	common	FALSE
Ptgds	TRUE	TRUE	TRUE	common	FALSE
Ptger4	TRUE	TRUE	TRUE	common	FALSE
Ptges	TRUE	TRUE	TRUE	common	FALSE
Ptges2	TRUE	TRUE	TRUE	common	FALSE
Ptges3	TRUE	TRUE	TRUE	common	FALSE
Ptgis	TRUE	TRUE	TRUE	common	FALSE
Ptgs1	TRUE	TRUE	TRUE	common	FALSE
Ptgs2	TRUE	TRUE	TRUE	common	FALSE
Ptk2	TRUE	TRUE	TRUE	common	FALSE
Ptk6	TRUE	TRUE	TRUE	common	FALSE
Ptprc	TRUE	TRUE	TRUE	common	FALSE
Ptprcap	TRUE	TRUE	TRUE	common	FALSE
Pttg1	TRUE	TRUE	TRUE	common	FALSE
Pxdn	TRUE	TRUE	FALSE	dataset_specific	FALSE
Qrfpr	TRUE	TRUE	TRUE	common	FALSE
Rac1	TRUE	TRUE	TRUE	common	FALSE
Rac2	TRUE	TRUE	TRUE	common	FALSE
Rack1	TRUE	TRUE	TRUE	common	FALSE
Rag1	TRUE	TRUE	TRUE	common	FALSE
Ramp1	TRUE	TRUE	TRUE	common	FALSE
Ramp2	TRUE	TRUE	TRUE	common	FALSE
Ramp3	TRUE	TRUE	TRUE	common	FALSE
Rara	TRUE	TRUE	TRUE	common	FALSE
Rarb	TRUE	TRUE	TRUE	common	FALSE
Rarg	TRUE	TRUE	TRUE	common	FALSE
Rarres1	TRUE	TRUE	TRUE	common	FALSE
Rarres2	TRUE	TRUE	TRUE	common	FALSE
Rb1	TRUE	TRUE	TRUE	common	FALSE
Rbm47	TRUE	TRUE	FALSE	dataset_specific	FALSE
Rbpj	TRUE	TRUE	TRUE	common	FALSE
Reg1	TRUE	TRUE	TRUE	common	FALSE
Rela	TRUE	TRUE	TRUE	common	FALSE
Relt	TRUE	TRUE	TRUE	common	FALSE
Rgcc	TRUE	TRUE	TRUE	common	FALSE
Rgs1	TRUE	TRUE	TRUE	common	FALSE
Rgs2	TRUE	TRUE	TRUE	common	FALSE
Rgs5	TRUE	TRUE	TRUE	common	FALSE
Rigi	TRUE	TRUE	TRUE	common	FALSE
Rnf43	TRUE	TRUE	TRUE	common	FALSE
Ror1	TRUE	TRUE	TRUE	common	FALSE
Rora	TRUE	TRUE	TRUE	common	FALSE
Rspo3	TRUE	TRUE	TRUE	common	FALSE
Runx3	TRUE	TRUE	TRUE	common	FALSE
Rxra	TRUE	TRUE	TRUE	common	FALSE
Rxrb	TRUE	TRUE	TRUE	common	FALSE
Ryk	TRUE	TRUE	TRUE	common	FALSE
Ryr2	TRUE	TRUE	TRUE	common	FALSE
S100a10	TRUE	TRUE	TRUE	common	FALSE
S100a2	TRUE	TRUE	TRUE	common	FALSE
S100a4	TRUE	TRUE	TRUE	common	FALSE
S100a6	TRUE	TRUE	TRUE	common	FALSE
S100a8	TRUE	TRUE	TRUE	common	FALSE
S100a9	TRUE	TRUE	TRUE	common	FALSE
S100b	TRUE	TRUE	TRUE	common	FALSE
Saa1/2	TRUE	TRUE	TRUE	common	FALSE
Sat1	TRUE	TRUE	TRUE	common	FALSE
Scd1	FALSE	FALSE	TRUE	dataset_specific	TRUE
Scg5	TRUE	TRUE	TRUE	common	FALSE
Scgb3a1	TRUE	TRUE	TRUE	common	FALSE
Sdc1	FALSE	FALSE	TRUE	dataset_specific	TRUE
Sec23a	TRUE	TRUE	TRUE	common	FALSE
Sec61g	TRUE	TRUE	TRUE	common	FALSE
Selenop	TRUE	TRUE	TRUE	common	FALSE
Sell	TRUE	TRUE	TRUE	common	FALSE
Selplg	TRUE	TRUE	TRUE	common	FALSE
Serpina1a	TRUE	TRUE	TRUE	common	FALSE
Serpina3a	TRUE	TRUE	TRUE	common	FALSE
Serpinb5	TRUE	TRUE	TRUE	common	FALSE
Serpinh1	TRUE	TRUE	TRUE	common	FALSE
Sfn	TRUE	TRUE	TRUE	common	FALSE
Sh3bgrl3	TRUE	TRUE	TRUE	common	FALSE
Sigirr	TRUE	TRUE	TRUE	common	FALSE
Sla	TRUE	TRUE	FALSE	dataset_specific	FALSE
Slc2a1	TRUE	TRUE	TRUE	common	FALSE
Slc35f1	FALSE	FALSE	TRUE	dataset_specific	TRUE
Slc40a1	TRUE	TRUE	TRUE	common	FALSE
Slpi	TRUE	TRUE	TRUE	common	FALSE
Smad2	TRUE	TRUE	TRUE	common	FALSE
Smad3	TRUE	TRUE	TRUE	common	FALSE
Smad4	TRUE	TRUE	TRUE	common	FALSE
Smarcb1	TRUE	TRUE	TRUE	common	FALSE
Smo	TRUE	TRUE	TRUE	common	FALSE
Snai1	TRUE	TRUE	TRUE	common	FALSE
Snai2	TRUE	TRUE	TRUE	common	FALSE
Sod1	TRUE	TRUE	TRUE	common	FALSE
Sod2	TRUE	TRUE	TRUE	common	FALSE
Sorbs1	TRUE	TRUE	TRUE	common	FALSE
Sostdc1	TRUE	TRUE	TRUE	common	FALSE
Sox2	TRUE	TRUE	TRUE	common	FALSE
Sox4	TRUE	TRUE	TRUE	common	FALSE
Sox9	TRUE	TRUE	TRUE	common	FALSE
Sparcl1	TRUE	TRUE	TRUE	common	FALSE
Spink1	TRUE	TRUE	TRUE	common	FALSE
Spock2	TRUE	TRUE	TRUE	common	FALSE
Spp1	TRUE	TRUE	TRUE	common	FALSE
Spry2	TRUE	TRUE	TRUE	common	FALSE
Spry4	TRUE	TRUE	TRUE	common	FALSE
Sqle	TRUE	TRUE	FALSE	dataset_specific	FALSE
Sqstm1	TRUE	TRUE	TRUE	common	FALSE
Src	TRUE	TRUE	TRUE	common	FALSE
Srebf1	TRUE	TRUE	TRUE	common	FALSE
Srgn	TRUE	TRUE	TRUE	common	FALSE
Srsf2	TRUE	TRUE	FALSE	dataset_specific	FALSE
Sst	TRUE	TRUE	TRUE	common	FALSE
St6gal1	TRUE	TRUE	TRUE	common	FALSE
Stat1	TRUE	TRUE	TRUE	common	FALSE
Stat3	TRUE	TRUE	TRUE	common	FALSE
Stat4	TRUE	TRUE	TRUE	common	FALSE
Stat5a	TRUE	TRUE	TRUE	common	FALSE
Stat5b	TRUE	TRUE	TRUE	common	FALSE
Stat6	TRUE	TRUE	TRUE	common	FALSE
Stmn1	TRUE	TRUE	TRUE	common	FALSE
Syk	TRUE	TRUE	TRUE	common	FALSE
Tacstd2	TRUE	TRUE	TRUE	common	FALSE
Tagln	TRUE	TRUE	TRUE	common	FALSE
Tap1	TRUE	TRUE	TRUE	common	FALSE
Tap2	TRUE	TRUE	TRUE	common	FALSE
Tbx21	TRUE	TRUE	TRUE	common	FALSE
Tcap	TRUE	TRUE	TRUE	common	FALSE
Tcf7	TRUE	TRUE	TRUE	common	FALSE
Tcl1	TRUE	TRUE	TRUE	common	FALSE
Tek	TRUE	TRUE	TRUE	common	FALSE
Tert	TRUE	TRUE	TRUE	common	FALSE
Tfeb	TRUE	TRUE	TRUE	common	FALSE
Tgfb1	TRUE	TRUE	TRUE	common	FALSE
Tgfb2	TRUE	TRUE	TRUE	common	FALSE
Tgfb3	TRUE	TRUE	TRUE	common	FALSE
Tgfbi	TRUE	TRUE	FALSE	dataset_specific	FALSE
Tgfbr1	TRUE	TRUE	TRUE	common	FALSE
Tgfbr2	TRUE	TRUE	TRUE	common	FALSE
Thbs1	TRUE	TRUE	TRUE	common	FALSE
Thbs2	TRUE	TRUE	TRUE	common	FALSE
Thsd4	TRUE	TRUE	TRUE	common	FALSE
Tie1	TRUE	TRUE	TRUE	common	FALSE
Tigit	TRUE	TRUE	TRUE	common	FALSE
Timp1	TRUE	TRUE	TRUE	common	FALSE
Tlr1	TRUE	TRUE	TRUE	common	FALSE
Tlr2	TRUE	TRUE	TRUE	common	FALSE
Tlr3	TRUE	TRUE	TRUE	common	FALSE
Tlr4	TRUE	TRUE	TRUE	common	FALSE
Tlr5	TRUE	TRUE	TRUE	common	FALSE
Tlr7	TRUE	TRUE	TRUE	common	FALSE
Tlr8	TRUE	TRUE	TRUE	common	FALSE
Tm4sf1	TRUE	TRUE	TRUE	common	FALSE
Tnf	TRUE	TRUE	TRUE	common	FALSE
Tnfaip6	TRUE	TRUE	TRUE	common	FALSE
Tnfrsf10b	TRUE	TRUE	TRUE	common	FALSE
Tnfrsf11a	TRUE	TRUE	TRUE	common	FALSE
Tnfrsf11b	TRUE	TRUE	TRUE	common	FALSE
Tnfrsf12a	TRUE	TRUE	TRUE	common	FALSE
Tnfrsf13b	TRUE	TRUE	TRUE	common	FALSE
Tnfrsf14	TRUE	TRUE	TRUE	common	FALSE
Tnfrsf17	TRUE	TRUE	TRUE	common	FALSE
Tnfrsf18	TRUE	TRUE	TRUE	common	FALSE
Tnfrsf19	TRUE	TRUE	TRUE	common	FALSE
Tnfrsf1a	TRUE	TRUE	TRUE	common	FALSE
Tnfrsf1b	TRUE	TRUE	TRUE	common	FALSE
Tnfrsf21	TRUE	TRUE	TRUE	common	FALSE
Tnfrsf22	TRUE	TRUE	TRUE	common	FALSE
Tnfrsf4	TRUE	TRUE	TRUE	common	FALSE
Tnfrsf9	TRUE	TRUE	TRUE	common	FALSE
Tnfsf10	TRUE	TRUE	TRUE	common	FALSE
Tnfsf12	TRUE	TRUE	TRUE	common	FALSE
Tnfsf13b	TRUE	TRUE	TRUE	common	FALSE
Tnfsf14	TRUE	TRUE	TRUE	common	FALSE
Tnfsf15	TRUE	TRUE	TRUE	common	FALSE
Tnfsf4	TRUE	TRUE	TRUE	common	FALSE
Tnfsf8	TRUE	TRUE	TRUE	common	FALSE
Tnfsf9	TRUE	TRUE	TRUE	common	FALSE
Tnnc1	TRUE	TRUE	TRUE	common	FALSE
Tnxa	TRUE	TRUE	TRUE	common	FALSE
Tnxb	TRUE	TRUE	TRUE	common	FALSE
Top2a	TRUE	TRUE	TRUE	common	FALSE
Tox	TRUE	TRUE	TRUE	common	FALSE
Tpi1	TRUE	TRUE	FALSE	dataset_specific	FALSE
Tpm1	TRUE	TRUE	TRUE	common	FALSE
Tpm2	TRUE	TRUE	TRUE	common	FALSE
Tpsab1	TRUE	TRUE	TRUE	common	FALSE
Tpsb2	TRUE	TRUE	TRUE	common	FALSE
Tpt1	TRUE	TRUE	TRUE	common	FALSE
Trmt5	TRUE	TRUE	TRUE	common	FALSE
Trp53	TRUE	TRUE	TRUE	common	FALSE
Tsc22d1	TRUE	TRUE	TRUE	common	FALSE
Tshz2	TRUE	TRUE	TRUE	common	FALSE
Ttn	TRUE	TRUE	TRUE	common	FALSE
Ttr	TRUE	TRUE	TRUE	common	FALSE
Tubb4b	TRUE	TRUE	TRUE	common	FALSE
Tubb5	TRUE	TRUE	TRUE	common	FALSE
Twist1	TRUE	TRUE	TRUE	common	FALSE
Twist2	TRUE	TRUE	TRUE	common	FALSE
Txk	TRUE	TRUE	TRUE	common	FALSE
Tyk2	TRUE	TRUE	TRUE	common	FALSE
Tyms	TRUE	TRUE	TRUE	common	FALSE
Tyrobp	TRUE	TRUE	TRUE	common	FALSE
Uba52	TRUE	TRUE	TRUE	common	FALSE
Ube2c	TRUE	TRUE	TRUE	common	FALSE
Upk3a	TRUE	TRUE	TRUE	common	FALSE
Vcam1	TRUE	TRUE	TRUE	common	FALSE
Vcan	TRUE	TRUE	TRUE	common	FALSE
Vegfa	TRUE	TRUE	TRUE	common	FALSE
Vegfb	TRUE	TRUE	TRUE	common	FALSE
Vegfc	TRUE	TRUE	TRUE	common	FALSE
Vegfd	TRUE	TRUE	TRUE	common	FALSE
Vhl	TRUE	TRUE	TRUE	common	FALSE
Vim	TRUE	TRUE	TRUE	common	FALSE
Vpreb3	TRUE	TRUE	TRUE	common	FALSE
Vsir	TRUE	TRUE	TRUE	common	FALSE
Vtn	TRUE	TRUE	TRUE	common	FALSE
Vwa1	TRUE	TRUE	TRUE	common	FALSE
Vwf	TRUE	TRUE	TRUE	common	FALSE
Wif1	TRUE	TRUE	TRUE	common	FALSE
Wnt10b	TRUE	TRUE	TRUE	common	FALSE
Wnt11	TRUE	TRUE	TRUE	common	FALSE
Wnt3	TRUE	TRUE	TRUE	common	FALSE
Wnt5a	TRUE	TRUE	TRUE	common	FALSE
Wnt5b	TRUE	TRUE	TRUE	common	FALSE
Wnt7a	TRUE	TRUE	TRUE	common	FALSE
Wnt7b	TRUE	TRUE	TRUE	common	FALSE
Wnt9a	TRUE	TRUE	TRUE	common	FALSE
Xbp1	TRUE	TRUE	TRUE	common	FALSE
Xcl1	TRUE	TRUE	TRUE	common	FALSE
Xist	FALSE	FALSE	TRUE	dataset_specific	TRUE
Xkr4	TRUE	TRUE	TRUE	common	FALSE
Ybx3	TRUE	TRUE	TRUE	common	FALSE
Yes1	TRUE	TRUE	TRUE	common	FALSE
Zbtb16	TRUE	TRUE	FALSE	dataset_specific	FALSE
Zfp36	TRUE	TRUE	TRUE	common	FALSE
