avg_exp	pct_exp	marker	cell_subtype	avg_exp_scaled
3.20338555269154	1.2875	Epcam	unassigned	0.106976831707312
27.9046833037091	8.95	Krt8	unassigned	0.25382042515872
13.214698130721	5.05	Krt18	unassigned	0.388883385156605
42.3641816920127	8.5625	Col1a1	unassigned	-0.314949989474807
8.54111891314069	2.875	Pdgfra	unassigned	0.52162778079281
3.40638610429599	1.2375	Acta2	unassigned	-1.51053092750115
3.48387823893229	1.15	Myh11	unassigned	0.0884944114212228
4.62840608035724	1.7625	Tagln	unassigned	-0.405728097787246
2.41798175683746	0.825	Pecam1	unassigned	-0.284851206910154
6.31635163993592	2.0875	Cdh5	unassigned	-0.0758732950801896
3.95865569509108	1.6	Cidea	unassigned	0.470087384836497
5.90340704865981	1.9	Fabp4	unassigned	-0.567076629475505
9.45458140837139	3.0375	Cd3e	unassigned	-0.1448561167913
3.90072878899566	1.45	Cd8a	unassigned	-0.15341528137663
0.860526555139573	0.3125	Cd4	unassigned	-0.0834297132033002
2.35059237267574	0.925	Ncr1	unassigned	0.0305325509013751
2.67531627570428	0.8375	Klrb1c	unassigned	1.02501326787364
3.17444866186671	1.2625	Cd19	unassigned	0.137717733038686
5.01840642344077	1.625	Ms4a1	unassigned	0.202334762690465
2.16993526638344	0.8125	Mzb1	unassigned	-0.145077505535049
2.18555907017564	0.8125	Jchain	unassigned	-0.163851021632154
7.85485927663105	2.6125	Itgam	unassigned	0.81082037301589
5.66179180391935	1.9875	Itgax	unassigned	0.38520245832044
3.21919362736958	1.1875	Cpa3	unassigned	-0.110316117551155
4.68045163128729	1.475	Kit	unassigned	-0.0625867583465835
16.6891171600323	3.475	S100a8	unassigned	0.724167595442813
43.4464170642052	5.425	S100a9	unassigned	1.1514732338654
4.78450155571849	1.625	Elane	unassigned	0.916403416181838
6.03401183938485	3.86100386100386	Epcam	Neutrophils	1.49729365367915
6.18921380415786	3.86100386100386	Krt8	Neutrophils	-1.35030155149544
4.17135191445553	4.24710424710425	Krt18	Neutrophils	-1.03718887315247
81.8983424673583	27.7992277992278	Col1a1	Neutrophils	0.931189002822781
30.4256512658339	13.1274131274131	Pdgfra	Neutrophils	2.5
11.0451012526089	8.88030888030888	Acta2	Neutrophils	0.463083938737688
4.6361897237337	4.63320463320463	Myh11	Neutrophils	1.0719963566653
4.55777482172183	4.63320463320463	Tagln	Neutrophils	-0.442918754195393
4.71804134662945	3.47490347490348	Pecam1	Neutrophils	0.951205857331283
7.48127810806022	6.17760617760618	Cdh5	Neutrophils	0.167752878004877
3.73694915984751	3.86100386100386	Cidea	Neutrophils	0.196196379393367
17.271330459687	8.88030888030888	Fabp4	Neutrophils	0.445580752032882
6.44874627493564	5.79150579150579	Cd3e	Neutrophils	-0.722197145917749
2.39385176606397	2.7027027027027	Cd8a	Neutrophils	-0.734339354573598
0.313902752927143	0.386100386100386	Cd4	Neutrophils	-1.34786330338394
3.3654279014261	3.08880308880309	Ncr1	Neutrophils	0.662164584766267
0.899479757546011	0.772200772200772	Klrb1c	Neutrophils	-1.28964571464298
0.575123916168602	1.15830115830116	Cd19	Neutrophils	-1.78215561204451
6.08878404491652	3.86100386100386	Ms4a1	Neutrophils	0.567551151698655
1.4556873599306	1.93050193050193	Mzb1	Neutrophils	-0.507481229252661
2.14318435364212	1.93050193050193	Jchain	Neutrophils	-0.178180210031444
9.69998091550955	8.88030888030888	Itgam	Neutrophils	1.23232845237997
7.27414825964622	5.01930501930502	Itgax	Neutrophils	0.823035174493434
2.21047474100226	1.93050193050193	Cpa3	Neutrophils	-0.415084775210502
4.59623574064481	4.63320463320463	Kit	Neutrophils	-0.0901205924298636
212.377052563368	17.3745173745174	S100a8	Neutrophils	2.5
307.773681193433	20.0772200772201	S100a9	Neutrophils	2.5
3.31372872497324	2.7027027027027	Elane	Neutrophils	-0.0903412477550003
6.02207629199827	8.38537020517395	Epcam	Mast cells	1.49270773079745
82.7679699733221	52.363960749331	Krt8	Mast cells	1.48052341980051
31.2214772793386	30.8652988403211	Krt18	Mast cells	1.54305895496634
61.1921768906712	23.6396074933095	Col1a1	Mast cells	0.378514524444806
1.87915289682319	3.03300624442462	Pdgfra	Mast cells	-1.49495347989716
8.77132115152392	7.13648528099911	Acta2	Mast cells	0.0524917727224478
2.95686108214678	4.99553969669938	Myh11	Mast cells	-0.449169429659774
4.56441263660532	6.24442462087422	Tagln	Mast cells	-0.439403571168585
0.913903024776044	1.42729705619982	Pecam1	Mast cells	-1.67783559100976
4.18998181231219	5.6199821587868	Cdh5	Mast cells	-0.642080435535525
2.92220293085296	3.56824264049955	Cidea	Mast cells	-0.933943026748903
4.62717163587273	6.95807314897413	Fabp4	Mast cells	-0.77974645346272
6.87979240162718	8.47457627118644	Cd3e	Mast cells	-0.626387950426231
2.10137682696595	2.76538804638715	Cd8a	Mast cells	-0.876826744738102
0.342555229773275	0.535236396074933	Cd4	Mast cells	-1.26944805103692
0.471709422053669	0.713648528099911	Ncr1	Mast cells	-1.93353676861404
1.04378894187581	1.24888492417484	Klrb1c	Mast cells	-1.03286302194065
1.28835790502132	2.31935771632471	Cd19	Mast cells	-1.04643001629578
2.45355380022218	2.94380017841213	Ms4a1	Mast cells	-1.0368759031661
1.10078172152551	0.981266726137377	Mzb1	Mast cells	-0.729060592641687
1.77166749785905	1.24888492417484	Jchain	Mast cells	-0.31277633054495
1.96693229260491	2.76538804638715	Itgam	Mast cells	-1.62421585633644
1.69673182960066	2.58697591436218	Itgax	Mast cells	-1.44159181564737
106.796531749113	34.4335414808207	Cpa3	Mast cells	2.5
33.9312842708254	26.3157894736842	Kit	Mast cells	2.5
1.41505827718225	1.78412132024978	S100a8	Mast cells	-1.02223066666421
2.76840891449279	2.76538804638715	S100a9	Mast cells	-1.0562640006572
2.11944062877805	2.05173951828724	Elane	Mast cells	-1.20267255829563
2.77544111289639	2.14487300094073	Epcam	DC	-0.182967149365767
15.2958463767608	8.27845719661336	Krt8	DC	-0.406879069271324
7.43546379181515	4.32737535277516	Krt18	DC	-0.347086044776866
36.4491527009048	15.9360301034807	Col1a1	DC	-0.596973448702132
4.96110835693645	3.89463781749765	Pdgfra	DC	-0.270039144199039
9.2138292325237	6.86735653809972	Acta2	DC	0.139417942666905
4.00980387468524	3.08560677328316	Myh11	DC	0.565403684591968
8.97070655817316	6.69802445907808	Tagln	DC	1.27828796358776
4.45900513557376	3.8381937911571	Pecam1	DC	0.839845627172829
8.13793641504456	5.87017873941675	Cdh5	DC	0.290718133572614
4.50660389646557	3.93226716839135	Cidea	DC	1.09769081254163
7.97291174728818	5.87017873941675	Fabp4	DC	-0.294284142137049
14.1958022485514	10.2539981185325	Cd3e	DC	0.492066722556835
8.76389074974217	6.45343367826905	Cd8a	DC	0.936445793566432
1.87448975477938	1.50517403574788	Cd4	DC	1.49781599051029
4.5511868074847	3.74412041392286	Ncr1	DC	1.23582432902996
3.14986869377398	2.65286923800564	Klrb1c	DC	1.45086359712472
7.08301936456818	5.47507055503293	Cd19	DC	1.43933594799068
9.42056412245584	7.84571966133584	Ms4a1	DC	1.42713220324102
7.24241991856165	6.32173095014111	Mzb1	DC	1.21136870836306
15.5913677042498	9.10630291627469	Jchain	DC	1.60197038787646
10.0130961169278	8.01505174035748	Itgam	DC	1.29656086029666
10.5147198849982	8.48541862652869	Itgax	DC	1.49062964144593
4.28577666582915	3.44308560677328	Cpa3	DC	0.141078699090184
4.72988565652301	3.46190028222013	Kit	DC	-0.0466141324019835
10.9979800546858	7.26246472248354	S100a8	DC	0.383688178811116
13.2621507258382	7.7140169332079	S100a9	DC	0.134514250134574
6.55472893449188	5.41862652869238	Elane	DC	1.83259646826785
2.27843856997358	2.725	Epcam	Macrophages	-0.564120329829706
34.4720926117338	27.1625	Krt8	Macrophages	0.489861105661815
11.5313228825201	13.1375	Krt18	Macrophages	0.211114631149813
71.93801900434	29.525	Col1a1	Macrophages	0.685021281234087
4.63433002398181	4.9625	Pdgfra	Macrophages	-0.364930890313454
8.18615983466454	7.3	Acta2	Macrophages	-0.0687071434278397
3.11753857294342	3.4	Myh11	Macrophages	-0.278008991230307
5.66112165604825	5.6875	Tagln	Macrophages	0.090388643885032
2.96911277141117	3.175	Pecam1	Macrophages	0.0742425596394838
5.86897857174922	6.225	Cdh5	Macrophages	-0.179913872002953
3.83964884006933	4.725	Cidea	Macrophages	0.324628293033746
9.71844911931497	7.95	Fabp4	Macrophages	-0.109343407439688
9.21252228819266	9.3625	Cd3e	Macrophages	-0.18475230263348
3.65442019237186	4	Cd8a	Macrophages	-0.234947029445596
0.741405323336794	0.9125	Cd4	Macrophages	-0.323941614355958
2.63659866891494	2.725	Ncr1	Macrophages	0.226081004661526
1.7363373959617	2.1	Klrb1c	Macrophages	-0.00954264918503166
3.15904678672443	3.425	Cd19	Macrophages	0.130436557276629
5.08498279737698	4.925	Ms4a1	Macrophages	0.226880277282927
1.91636422616417	2	Mzb1	Macrophages	-0.263425811077197
1.68523415292535	1.65	Jchain	Macrophages	-0.346676143540611
9.58279393857975	10.0625	Itgam	Macrophages	1.20780414190424
7.01768879248353	7.2125	Itgax	Macrophages	0.759433483007329
2.89333405772317	3.2625	Cpa3	Macrophages	-0.199973809498556
3.01453881687813	3.5	Kit	Macrophages	-0.702441027892074
6.50343468366716	5.0125	S100a8	Macrophages	-0.0279777288392216
9.32874804714487	5.95	S100a9	Macrophages	-0.154179002335653
4.77312649339161	4.8125	Elane	Macrophages	0.909648736916185
1.82396676185215	1.87517492303387	Epcam	Plasma cells	-0.967078097076756
5.95096871802061	4.78589420654912	Krt8	Plasma cells	-1.38915401976704
3.13325666276466	3.13462076686258	Krt18	Plasma cells	-1.35320558937374
21.7693183032076	13.462076686258	Col1a1	Plasma cells	-1.55385535626878
3.92746508648803	3.72236216064931	Pdgfra	Plasma cells	-0.590560314469916
9.03591400640982	7.61265043380912	Acta2	Plasma cells	0.104929741512962
3.49132824970475	3.162608452281	Myh11	Plasma cells	0.0956330238941359
7.87627208077382	6.82899524209348	Tagln	Plasma cells	0.935875263737086
4.22784946008537	4.50601735236496	Pecam1	Plasma cells	0.735915531413132
6.17906784101645	5.70948782535684	Cdh5	Plasma cells	-0.107107453047109
3.30093410615618	3.63839910439407	Cidea	Plasma cells	-0.381993507305607
7.76627749363183	7.24881052336972	Fabp4	Plasma cells	-0.318523767906588
16.839299659518	12.9303106633081	Cd3e	Plasma cells	0.765217528151941
8.85273617065188	7.44472432129863	Cd8a	Plasma cells	0.950767742193597
2.06656786126646	1.73523649594179	Cd4	Plasma cells	1.73293620607909
3.77876347187817	3.66638678981248	Ncr1	Plasma cells	0.878133975139103
3.09282018939884	3.24657150853624	Klrb1c	Plasma cells	1.40232173380147
9.02564788814784	7.86453960257487	Cd19	Plasma cells	1.86359610013743
13.5952816384523	11.8387909319899	Ms4a1	Plasma cells	2.17883768446231
25.8333599853895	18.7797369157571	Mzb1	Plasma cells	2.5
49.6416344849234	26.5603134620767	Jchain	Plasma cells	2.5
8.31478495443162	8.25636719843269	Itgam	Plasma cells	0.923585634743085
10.3082776076079	8.81612090680101	Itgax	Plasma cells	1.45408515060529
4.15669726702782	3.86230058774139	Cpa3	Plasma cells	0.11350118016824
3.29729363153208	3.33053456479149	Kit	Plasma cells	-0.576974767741141
9.23097811829949	6.07332773579625	S100a8	Plasma cells	0.243958755769276
11.512407564563	7.55667506297229	S100a9	Plasma cells	0.0174111298093842
5.14736841300169	4.84186957738595	Elane	Plasma cells	1.12518503163706
1.79717274709067	2.3	Epcam	ILC	-0.992821472519427
25.5662356648719	23.3625	Krt8	ILC	0.156561753611523
10.0174211462654	12.5	Krt18	ILC	0.0295260483848353
53.8674528262028	24.425	Col1a1	ILC	0.137531797547831
3.75079470018226	4.225	Pdgfra	ILC	-0.652016000949287
6.94428630241712	6	Acta2	ILC	-0.353767631643197
2.62221345849144	2.825	Myh11	ILC	-0.829144665020237
5.34766742482557	5.1875	Tagln	ILC	-0.0515609977744644
3.65386608370653	4.05	Pecam1	ILC	0.456548578697971
4.14411684862182	4.4875	Cdh5	ILC	-0.656717015792469
2.94361431739518	3.225	Cidea	ILC	-0.901344311623792
6.46569846683777	7.1625	Fabp4	ILC	-0.485607839456493
29.108301450657	21.75	Cd3e	ILC	1.65661412074919
19.5941881872336	15.3125	Cd8a	ILC	2.11644662791411
1.12508317368116	1.25	Cd4	ILC	0.399837579344427
5.38107511411946	6.6125	Ncr1	ILC	1.56843583989501
1.98157342301161	2.25	Klrb1c	ILC	0.291444221160826
4.23534411626218	4.0125	Cd19	ILC	0.583782064493443
5.3885830779443	5.0125	Ms4a1	ILC	0.335510819915537
1.92334874636215	2	Mzb1	ILC	-0.260030265796535
1.36263258328722	1.275	Jchain	ILC	-0.483630765177559
5.94339871799959	6	Itgam	ILC	0.269280750902725
7.59879390105392	6.5375	Itgax	ILC	0.900777310893982
3.63843185189652	3.6875	Cpa3	ILC	-0.0046470892590932
3.46813450527181	4.3375	Kit	ILC	-0.505109381689058
3.61944319719683	3.35	S100a8	ILC	-0.453421392595978
4.42015739434073	3.85	S100a9	ILC	-0.731073374523079
3.29460539343379	3.2625	Elane	ILC	-0.105587555246083
1.9096490937881	4.28771789220597	Epcam	NK cells	-0.886365041252426
30.2068066858781	39.8316970546985	Krt8	NK cells	0.34216749329161
10.0795743121584	18.9340813464236	Krt18	NK cells	0.0374600154891887
36.0279421368789	23.5824484071328	Col1a1	NK cells	-0.618726249538958
3.19968045578646	6.2111801242236	Pdgfra	NK cells	-0.859551619818695
5.19438153584385	7.11280304548187	Acta2	NK cells	-0.842087181037722
1.66079863918064	2.7449408936085	Myh11	NK cells	-2.15552681429511
3.08292247869385	4.50811460629133	Tagln	NK cells	-1.35110709011164
4.46828995326754	10.9396914446003	Pecam1	NK cells	0.843927690507245
2.98515670454347	5.18934081346424	Cdh5	NK cells	-1.07764725126972
2.91219406250012	4.38789821679022	Cidea	NK cells	-0.949242557417798
5.86025345509325	13.123622520537	Fabp4	NK cells	-0.573600752710843
9.85403128696683	11.3203766780204	Cd3e	NK cells	-0.0809962976861542
5.94991550220638	7.23301943498297	Cd8a	NK cells	0.398933851265134
0.926820606211233	2.10378681626928	Cd4	NK cells	0.0438350829723724
3.85761545337767	7.49348827890202	Ncr1	NK cells	0.917204308338763
1.33244550050226	2.50450811460629	Klrb1c	NK cells	-0.569580383057752
1.89049822866421	2.44439991985574	Cd19	NK cells	-0.586293130108135
4.22214739302002	5.7303145662192	Ms4a1	NK cells	-0.11429322689394
1.49721831269507	1.62292125826488	Mzb1	NK cells	-0.483675238554734
1.48907926284814	1.40252454417952	Jchain	NK cells	-0.427843306856168
3.59327983020874	5.75035063113605	Itgam	NK cells	-0.650890240284355
3.75021704958096	4.70847525545983	Itgax	NK cells	-0.297962178385829
2.26554479809181	3.38609497094771	Cpa3	NK cells	-0.39611346255948
3.97531585202815	9.65738328992186	Kit	NK cells	-0.306912519693066
3.48976560022236	3.54638349028251	S100a8	NK cells	-0.478394140316769
6.63627164134821	5.32959326788219	S100a9	NK cells	-0.424391284741403
2.10568559711142	2.40432779002204	Elane	NK cells	-1.21783725260057
1.21060459594216	0.6375	Epcam	T cells	-1.62832840061011
5.28028233034264	2.7625	Krt8	T cells	-1.50613076599856
2.56694657180385	1.3375	Krt18	T cells	-1.56102982180501
20.92141132145	6.525	Col1a1	T cells	-1.62683754954012
3.01978174580562	1.45	Pdgfra	T cells	-0.933240397701823
3.67699722662278	1.9	Acta2	T cells	-1.39355612842696
2.39542286729476	1.2375	Myh11	T cells	-1.10717148440837
3.72420441127182	1.9125	Tagln	T cells	-0.92147470547008
2.32064757519941	1.325	Pecam1	T cells	-0.35424856605089
4.63543516231645	2.4875	Cdh5	T cells	-0.506301871322517
3.57958473340009	1.9625	Cidea	T cells	-0.00610179883018805
6.54244014630434	3.1125	Fabp4	T cells	-0.474967733080003
49.346052042276	18.4	Cd3e	T cells	2.5
14.8658597199522	6.8375	Cd8a	T cells	1.70403448038967
1.46172848381756	0.75	Cd4	T cells	0.934362276038243
2.15403415084111	1.0875	Ncr1	T cells	-0.113791852658737
1.73690839690651	0.9125	Klrb1c	T cells	-0.00881096102111289
6.22625622394115	2.7875	Cd19	T cells	1.21862962897612
6.08935306371964	2.9125	Ms4a1	T cells	0.567730237877177
6.46150396304277	2.675	Mzb1	T cells	1.0700763352878
7.50137861709916	2.7625	Jchain	T cells	0.886490602331948
4.71607405537058	2.375	Itgam	T cells	-0.163882292292713
5.3630086222409	2.675	Itgax	T cells	0.292509791364115
2.52740302671444	1.3125	Cpa3	T cells	-0.310072999119902
3.14000447653563	1.675	Kit	T cells	-0.645711964101178
1.7441922463656	0.8375	S100a8	T cells	-0.910176248059732
5.45657727342327	2.1	S100a9	T cells	-0.574527432518033
2.5564164663613	1.3	Elane	T cells	-0.752798124468582
2.42424486947162	1.1	Epcam	Adipocyte	-0.446618434834228
21.138412178105	7.2625	Krt8	Adipocyte	-0.0536365702167302
10.1143247306022	4.0875	Krt18	Adipocyte	0.0418765945451468
75.6469540299598	15.0625	Col1a1	Adipocyte	0.780407208625264
9.6560018011993	3.3	Pdgfra	Adipocyte	0.707634581467351
8.20839231687328	2.8375	Acta2	Adipocyte	-0.063962924545556
3.80385917975543	1.4625	Myh11	Adipocyte	0.384900658639942
5.61416864134782	2.2125	Tagln	Adipocyte	0.0695564872975135
3.06091260073958	1.2625	Pecam1	Adipocyte	0.129166640962984
17.4455370020797	5.025	Cdh5	Adipocyte	1.44889614942415
5.72956173600662	2.2375	Cidea	Adipocyte	2.29861888436182
223.542791398075	26.375	Fabp4	Adipocyte	2.5
9.95495666887561	3.55	Cd3e	Adipocyte	-0.0652333412340285
3.67344762791794	1.35	Cd8a	Adipocyte	-0.228496625627163
1.38457730481548	0.45	Cd4	Adipocyte	0.818619757366595
2.86491146284935	1.1	Ncr1	Adipocyte	0.371444173241314
2.48674949904457	1	Klrb1c	Adipocyte	0.840315602677026
3.18669679523694	1.2875	Cd19	Adipocyte	0.143488839194843
4.15577467018113	1.5125	Ms4a1	Adipocyte	-0.142832294082144
2.40017616117923	0.8875	Mzb1	Adipocyte	-0.0455479998727851
1.96656335733013	0.7875	Jchain	Adipocyte	-0.240062426281586
6.55888190233439	2.35	Itgam	Adipocyte	0.458420216131458
4.4781968250947	1.7625	Itgax	Adipocyte	-0.00993726578568271
2.97850743909752	1.175	Cpa3	Adipocyte	-0.175834544995249
5.68573762740774	2.15	Kit	Adipocyte	0.237785136739104
5.02141619489446	1.7625	S100a8	Adipocyte	-0.220961665803395
8.61146483297014	2.2125	S100a9	Adipocyte	-0.218572998692467
4.48792097053314	1.8125	Elane	Adipocyte	0.735791990806696
2.76507182869003	2.1625	Epcam	Endothelial	-0.190393867390833
21.7933872375546	14.7375	Krt8	Endothelial	-0.0200233367197294
10.9732414266943	8.9875	Krt18	Endothelial	0.146862885441428
76.0577500212915	24.275	Col1a1	Endothelial	0.790686758496569
5.04906936444971	3.4125	Pdgfra	Endothelial	-0.245384662799097
32.4701623834901	13.7125	Acta2	Endothelial	2.46887231257468
5.51486038874282	3.725	Myh11	Endothelial	1.69497373531701
10.1837723626988	7.5375	Tagln	Endothelial	1.61640861346224
7.72320399747701	6.65	Pecam1	Endothelial	1.96575244474637
39.5791371511882	22.125	Cdh5	Endothelial	2.5
3.75439798668892	2.7375	Cidea	Endothelial	0.218212324521502
36.1568916872033	15.425	Fabp4	Endothelial	1.18408594197201
6.00355067222425	3.6375	Cd3e	Endothelial	-0.827156488703728
2.70571700929935	1.7	Cd8a	Endothelial	-0.59534312979885
0.825746816214037	0.65	Cd4	Endothelial	-0.15202213686173
1.50915400285613	0.9625	Ncr1	Endothelial	-0.659857025975346
1.23442214026692	0.9875	Klrb1c	Endothelial	-0.720141220437846
2.73323917938798	1.9375	Cd19	Endothelial	-0.0823220555667757
2.36365280800902	1.3875	Ms4a1	Endothelial	-1.09572473266306
1.32030930544471	1	Mzb1	Endothelial	-0.587975477977566
0.972124009719723	0.7125	Jchain	Endothelial	-0.676948046626617
3.40669032390816	2.3125	Itgam	Endothelial	-0.74324296178538
3.08007537455064	1.9625	Itgax	Endothelial	-0.605155316633869
1.47659368628536	0.975	Cpa3	Endothelial	-0.704582398555688
8.30441302461185	6.475	Kit	Endothelial	0.847046574715597
3.77714337886924	1.95	S100a8	Endothelial	-0.423980190022799
7.41882467254417	2.85	S100a9	Endothelial	-0.337105761566054
2.09651494427812	1.25	Elane	Endothelial	-1.2279851083613
2.51321223312651	0.85	Epcam	SmoothMuscle	-0.377355164478497
20.8917296027236	6.0875	Krt8	SmoothMuscle	-0.0665547555420663
7.2948854201589	2.3125	Krt18	SmoothMuscle	-0.370787932966703
28.9841457851194	6.0875	Col1a1	SmoothMuscle	-1.02451016306596
13.2445965022933	5.075	Pdgfra	SmoothMuscle	1.196170050796
11.7565241660305	2.575	Acta2	SmoothMuscle	0.57570837533832
4.77859498858896	1.4875	Myh11	SmoothMuscle	1.17929200501825
7.84903718605182	2.425	Tagln	SmoothMuscle	0.926825334440572
1.80455662517434	0.6375	Pecam1	SmoothMuscle	-0.759995728058092
7.38773078205737	2.35	Cdh5	SmoothMuscle	0.149464525706869
4.53887067809242	1.7125	Cidea	SmoothMuscle	1.13267493423826
14.3647327119573	3.15	Fabp4	SmoothMuscle	0.265319660250733
8.13326322351738	2.4125	Cd3e	SmoothMuscle	-0.374974056108711
2.22437653639871	0.8625	Cd8a	SmoothMuscle	-0.815332425594217
1.01108066122709	0.275	Cd4	SmoothMuscle	0.199412906046215
1.81958775960693	0.6625	Ncr1	SmoothMuscle	-0.381389231407752
2.33299809696632	0.8	Klrb1c	SmoothMuscle	0.682169485424124
2.10314229956822	0.7375	Cd19	SmoothMuscle	-0.446463397830201
3.40774166651134	1.0875	Ms4a1	SmoothMuscle	-0.492572692303628
2.23385989610139	0.8625	Mzb1	SmoothMuscle	-0.116736878255635
1.15657732478024	0.475	Jchain	SmoothMuscle	-0.581275359009588
3.36804810412019	1.3375	Itgam	SmoothMuscle	-0.762857225544846
3.35145463831478	1.05	Itgax	SmoothMuscle	-0.475077146632892
2.10919081672497	0.675	Cpa3	SmoothMuscle	-0.450841945991897
4.41304244235557	1.4125	Kit	SmoothMuscle	-0.15147375241336
2.26364691688887	0.825	S100a8	SmoothMuscle	-0.758132765894783
5.82575482100512	1.2625	S100a9	SmoothMuscle	-0.524780088795837
2.88176839314983	1.0375	Elane	SmoothMuscle	-0.452409737997525
4.3201854997618	3.6	Epcam	Fibroblast	0.743225715590086
46.5321167168791	23.9625	Krt8	Fibroblast	0.827257937260433
21.4107142680524	14.775	Krt18	Fibroblast	1.03096649942158
149.197014764855	31.5	Col1a1	Fibroblast	2.07415609458634
8.90546478074804	5.4875	Pdgfra	Fibroblast	0.584704442497792
17.8382559465648	7.475	Acta2	Fibroblast	1.34082882293467
4.06064366906883	2.525	Myh11	Fibroblast	0.608820699273053
8.81125970362824	5.1625	Tagln	Fibroblast	1.23081253767043
2.33229153134034	1.7875	Pecam1	Fibroblast	-0.345840301249496
8.25880818233282	4.8875	Cdh5	Fibroblast	0.312386115203728
3.37886037974594	2.325	Cidea	Fibroblast	-0.274474658584082
11.5034502031545	5.3625	Fabp4	Fibroblast	0.0509206055562621
8.03971680545454	5.025	Cd3e	Fibroblast	-0.392507795049348
3.00771518101346	1.8	Cd8a	Fibroblast	-0.471472846611544
0.982407647932977	0.7	Cd4	Fibroblast	0.147215026060356
1.97419638797806	1.475	Ncr1	Fibroblast	-0.253947044633074
2.14333213212994	1.5375	Klrb1c	Fibroblast	0.476713508766434
3.28273234102075	2.5	Cd19	Fibroblast	0.18816245539609
4.43941065918624	2.9875	Ms4a1	Fibroblast	-0.0233479020438808
1.35650501725363	1.1	Mzb1	Fibroblast	-0.566002955961382
1.67404189686306	1.3	Jchain	Fibroblast	-0.35114542727822
5.70646693095883	3.4875	Itgam	Fibroblast	0.191962878980549
3.60781258563582	2.525	Itgax	Fibroblast	-0.359445429641709
2.9609863925736	2.2	Cpa3	Fibroblast	-0.180757744878352
4.35099039504111	2.6625	Kit	Fibroblast	-0.172727328951398
6.59603370727359	3.575	S100a8	Fibroblast	-0.0172204385937635
9.04659551329886	4.0125	S100a9	Fibroblast	-0.178959147887356
3.84671743201463	2.525	Elane	Fibroblast	0.309430133535292
5.44710623631298	3.22033898305085	Epcam	Epithelial cells	1.26202410532671
11.1964708197639	4.32203389830509	Krt8	Epithelial cells	-0.740937501160789
5.16989685647725	3.05084745762712	Krt18	Epithelial cells	-0.788193105762549
51.8699393156184	11.0169491525424	Col1a1	Epithelial cells	0.0662124989875923
7.01712559817204	6.10169491525424	Pdgfra	Epithelial cells	0.228711510735867
7.13471419212631	3.64406779661017	Acta2	Epithelial cells	-0.307277841703724
3.46648817601549	1.27118644067797	Myh11	Epithelial cells	0.0717849620144239
2.99411028891796	2.3728813559322	Tagln	Epithelial cells	-1.41587370551626
1.18684384110688	0.847457627118644	Pecam1	Epithelial cells	-1.35760191367549
2.95496846066096	1.94915254237288	Cdh5	Epithelial cells	-1.09018561632781
3.07372571581985	2.3728813559322	Cidea	Epithelial cells	-0.706977709382075
3.95198891694526	4.06779661016949	Fabp4	Epithelial cells	-0.912730190517894
5.14416483239225	3.98305084745763	Cd3e	Epithelial cells	-1.05011662898357
1.79767139229412	1.52542372881356	Cd8a	Epithelial cells	-1.0397725538866
0.274689759336711	0.508474576271186	Cd4	Epithelial cells	-1.45799796292376
0.743297504015795	0.847457627118644	Ncr1	Epithelial cells	-1.5292367778072
0.634427282345086	0.593220338983051	Klrb1c	Epithelial cells	-1.81666589901887
1.15130423774061	1.27118644067797	Cd19	Epithelial cells	-1.16808597285751
2.78112766171828	2.03389830508475	Ms4a1	Epithelial cells	-0.834694363890306
1.49191490371232	1.44067796610169	Mzb1	Epithelial cells	-0.486693066156596
0.864848669144359	1.01694915254237	Jchain	Epithelial cells	-0.736796120444512
3.22525789305283	2.54237288135593	Itgam	Epithelial cells	-0.836872175606601
1.26706012021136	0.932203389830508	Itgax	Epithelial cells	-1.79217859808135
3.02216205810041	2.28813559322034	Cpa3	Epithelial cells	-0.163661822586861
4.05815242882589	2.03389830508475	Kit	Epithelial cells	-0.276473753793801
21.8247638679146	10.9322033898305	S100a8	Epithelial cells	0.947723700801106
33.3430002090253	12.9661016949153	S100a9	Epithelial cells	0.920748012680102
4.10495535944956	2.6271186440678	Elane	Epithelial cells	0.487561733018552
5.14816932952692	7.15	Epcam	Tumor	1.13381992025703
128.576304672387	66.9625	Krt8	Tumor	1.98342543538707
44.4354743481398	40.7625	Krt18	Tumor	2.02774235328241
47.2943910520231	22.8375	Col1a1	Tumor	-0.107866410154512
4.66392822056954	6	Pdgfra	Tumor	-0.356112240606735
5.98816766170754	6.1	Acta2	Tumor	-0.605443128201528
2.52815597634623	3.575	Myh11	Tumor	-0.942278152221506
3.41610455830292	4.5875	Tagln	Tumor	-1.12008792205697
1.3194090171048	2.1375	Pecam1	Tumor	-1.21623162351741
3.76675617410755	5.2625	Cdh5	Tumor	-0.782344032568085
2.5186765515067	3.8	Cidea	Tumor	-1.58403144303438
6.46477124985747	8.45	Fabp4	Tumor	-0.485737064183551
5.413951080438	6.95	Cd3e	Tumor	-0.97692998497138
1.94862685190545	3.275	Cd8a	Tumor	-0.956682503676642
0.3914840366874	0.65	Cd4	Tumor	-1.13933204265198
1.15955057871831	1.625	Ncr1	Tumor	-1.01806206487717
1.23349820145944	2.0125	Klrb1c	Tumor	-0.721591567523982
1.88008966309175	2.825	Cd19	Tumor	-0.593399141800997
1.49121577626855	1.9625	Ms4a1	Tumor	-1.76563602212502
0.764585463339671	1.1	Mzb1	Tumor	-0.976611831569146
0.782231385017654	1.075	Jchain	Tumor	-0.78528316437755
1.98753838951312	3.075	Itgam	Tumor	-1.60880255650425
2.15535896071555	2.775	Itgax	Tumor	-1.12432525932182
1.60756279722953	2.0875	Cpa3	Tumor	-0.64710122862525
2.73936093887519	3.675	Kit	Tumor	-0.833335670819988
1.79159930959701	2.3875	S100a8	Tumor	-0.895154286971311
3.43797198086446	3.375	S100a9	Tumor	-0.909944103118549
2.06152109326423	2.3875	Elane	Tumor	-1.26698592563879
