sample_id	cell_type	n_cells	fraction	condition	timepoint_h	dataset	slide_id
sam0001	Tumor	56946	0.446989379822448	Control	0	Mutter_01	sld0002
sam0001	Fibroblast	41176	0.323205048705249	Control	0	Mutter_01	sld0002
sam0001	Macrophages	11531	0.0905109145283715	Control	0	Mutter_01	sld0002
sam0001	unassigned	11384	0.0893570593175771	Control	0	Mutter_01	sld0002
sam0001	SmoothMuscle	2198	0.0172528826756882	Control	0	Mutter_01	sld0002
sam0001	Adipocyte	1393	0.010934151759433	Control	0	Mutter_01	sld0002
sam0001	Endothelial	1257	0.00986663945556873	Control	0	Mutter_01	sld0002
sam0001	ILC	810	0.00635797769213259	Control	0	Mutter_01	sld0002
sam0001	DC	252	0.00197803750421903	Control	0	Mutter_01	sld0002
sam0001	T cells	177	0.0013893358660586	Control	0	Mutter_01	sld0002
sam0001	NK cells	120	0.00094192262105668	Control	0	Mutter_01	sld0002
sam0001	Plasma cells	108	0.000847730358951012	Control	0	Mutter_01	sld0002
sam0001	Mast cells	26	0.000204083234562281	Control	0	Mutter_01	sld0002
sam0001	Neutrophils	13	0.00010204161728114	Control	0	Mutter_01	sld0002
sam0001	Epithelial cells	8	6.27948414037787e-05	Control	0	Mutter_01	sld0002
sam0002	Tumor	14735	0.341056383668179	MBRT_1h	1	Mutter_01	sld0004
sam0002	Fibroblast	12776	0.295713359874086	MBRT_1h	1	Mutter_01	sld0004
sam0002	SmoothMuscle	7253	0.167877974261642	MBRT_1h	1	Mutter_01	sld0004
sam0002	unassigned	4212	0.0974909730580502	MBRT_1h	1	Mutter_01	sld0004
sam0002	Macrophages	2657	0.06149893528377	MBRT_1h	1	Mutter_01	sld0004
sam0002	Adipocyte	678	0.0156929913896861	MBRT_1h	1	Mutter_01	sld0004
sam0002	Endothelial	399	0.0092352559948153	MBRT_1h	1	Mutter_01	sld0004
sam0002	ILC	275	0.0063651513748727	MBRT_1h	1	Mutter_01	sld0004
sam0002	NK cells	75	0.00173595037496528	MBRT_1h	1	Mutter_01	sld0004
sam0002	DC	59	0.00136561429497269	MBRT_1h	1	Mutter_01	sld0004
sam0002	T cells	49	0.00113415424497732	MBRT_1h	1	Mutter_01	sld0004
sam0002	Plasma cells	24	0.00055550411998889	MBRT_1h	1	Mutter_01	sld0004
sam0002	Epithelial cells	5	0.000115730024997685	MBRT_1h	1	Mutter_01	sld0004
sam0002	Mast cells	5	0.000115730024997685	MBRT_1h	1	Mutter_01	sld0004
sam0002	Neutrophils	2	4.62920099990742e-05	MBRT_1h	1	Mutter_01	sld0004
sam0003	Fibroblast	61921	0.368388800970932	MBRT_4h	4	Mutter_01	sld0004
sam0003	Tumor	57039	0.339344145258975	MBRT_4h	4	Mutter_01	sld0004
sam0003	unassigned	26240	0.156110562450174	MBRT_4h	4	Mutter_01	sld0004
sam0003	Macrophages	15144	0.0900967361945671	MBRT_4h	4	Mutter_01	sld0004
sam0003	Adipocyte	3003	0.0178658543840653	MBRT_4h	4	Mutter_01	sld0004
sam0003	SmoothMuscle	1698	0.0101019716097712	MBRT_4h	4	Mutter_01	sld0004
sam0003	Endothelial	1420	0.00844805635210547	MBRT_4h	4	Mutter_01	sld0004
sam0003	ILC	706	0.00420023083421582	MBRT_4h	4	Mutter_01	sld0004
sam0003	DC	392	0.00233213950001785	MBRT_4h	4	Mutter_01	sld0004
sam0003	T cells	180	0.00107088038266126	MBRT_4h	4	Mutter_01	sld0004
sam0003	NK cells	104	0.000618730887759837	MBRT_4h	4	Mutter_01	sld0004
sam0003	Plasma cells	95	0.000565186868626774	MBRT_4h	4	Mutter_01	sld0004
sam0003	Epithelial cells	95	0.000565186868626774	MBRT_4h	4	Mutter_01	sld0004
sam0003	Mast cells	41	0.000243922753828397	MBRT_4h	4	Mutter_01	sld0004
sam0003	Neutrophils	8	4.75946836738336e-05	MBRT_4h	4	Mutter_01	sld0004
sam0004	Fibroblast	48845	0.372101349910108	MBRT_day2	48	Mutter_01	sld0001
sam0004	Tumor	29144	0.222019075479172	MBRT_day2	48	Mutter_01	sld0001
sam0004	unassigned	23907	0.182123594478472	MBRT_day2	48	Mutter_01	sld0001
sam0004	Macrophages	21938	0.167123746838529	MBRT_day2	48	Mutter_01	sld0001
sam0004	Adipocyte	3027	0.0230596946704452	MBRT_day2	48	Mutter_01	sld0001
sam0004	SmoothMuscle	1629	0.0124097266660572	MBRT_day2	48	Mutter_01	sld0001
sam0004	Endothelial	1297	0.00988054971508669	MBRT_day2	48	Mutter_01	sld0001
sam0004	ILC	714	0.00543925404515952	MBRT_day2	48	Mutter_01	sld0001
sam0004	DC	304	0.0023158728707682	MBRT_day2	48	Mutter_01	sld0001
sam0004	T cells	180	0.00137124051558643	MBRT_day2	48	Mutter_01	sld0001
sam0004	Plasma cells	135	0.00102843038668983	MBRT_day2	48	Mutter_01	sld0001
sam0004	NK cells	65	0.00049517018618399	MBRT_day2	48	Mutter_01	sld0001
sam0004	Epithelial cells	44	0.000335192126032239	MBRT_day2	48	Mutter_01	sld0001
sam0004	Neutrophils	23	0.000175214065880489	MBRT_day2	48	Mutter_01	sld0001
sam0004	Mast cells	16	0.000121888045829905	MBRT_day2	48	Mutter_01	sld0001
sam0005	unassigned	32856	0.293365000848237	MBRT_day6	144	Mutter_01	sld0001
sam0005	Fibroblast	30708	0.27418591569417	MBRT_day6	144	Mutter_01	sld0001
sam0005	Macrophages	20239	0.180710197594578	MBRT_day6	144	Mutter_01	sld0001
sam0005	Tumor	12662	0.11305659973035	MBRT_day6	144	Mutter_01	sld0001
sam0005	Adipocyte	3757	0.0335455413984303	MBRT_day6	144	Mutter_01	sld0001
sam0005	T cells	2798	0.0249828120396082	MBRT_day6	144	Mutter_01	sld0001
sam0005	ILC	2124	0.0189647936998312	MBRT_day6	144	Mutter_01	sld0001
sam0005	SmoothMuscle	2096	0.0187147870032233	MBRT_day6	144	Mutter_01	sld0001
sam0005	Plasma cells	2053	0.0183308481477182	MBRT_day6	144	Mutter_01	sld0001
sam0005	DC	1257	0.0112235149155781	MBRT_day6	144	Mutter_01	sld0001
sam0005	Endothelial	1089	0.00972347473593043	MBRT_day6	144	Mutter_01	sld0001
sam0005	NK cells	237	0.00211612811057439	MBRT_day6	144	Mutter_01	sld0001
sam0005	Epithelial cells	88	0.000785735332196398	MBRT_day6	144	Mutter_01	sld0001
sam0005	Neutrophils	23	0.00020536264364224	MBRT_day6	144	Mutter_01	sld0001
sam0005	Mast cells	10	8.92881059314089e-05	MBRT_day6	144	Mutter_01	sld0001
sam0006	Tumor	61788	0.371851735946029	SBRT_4h	4	Mutter_01	sld0004
sam0006	Fibroblast	59789	0.359821380210998	SBRT_4h	4	Mutter_01	sld0004
sam0006	unassigned	24206	0.145676233577872	SBRT_4h	4	Mutter_01	sld0004
sam0006	Macrophages	13043	0.0784952125322725	SBRT_4h	4	Mutter_01	sld0004
sam0006	Adipocyte	2618	0.0157556134638879	SBRT_4h	4	Mutter_01	sld0004
sam0006	SmoothMuscle	1811	0.010898936586364	SBRT_4h	4	Mutter_01	sld0004
sam0006	Endothelial	1376	0.00828102525833068	SBRT_4h	4	Mutter_01	sld0004
sam0006	ILC	528	0.00317760271540596	SBRT_4h	4	Mutter_01	sld0004
sam0006	DC	476	0.00286465699343416	SBRT_4h	4	Mutter_01	sld0004
sam0006	NK cells	171	0.00102910997033034	SBRT_4h	4	Mutter_01	sld0004
sam0006	T cells	160	0.000962909913759381	SBRT_4h	4	Mutter_01	sld0004
sam0006	Plasma cells	140	0.000842546174539458	SBRT_4h	4	Mutter_01	sld0004
sam0006	Epithelial cells	41	0.000246745665400841	SBRT_4h	4	Mutter_01	sld0004
sam0006	Mast cells	13	7.82364304929497e-05	SBRT_4h	4	Mutter_01	sld0004
sam0006	Neutrophils	3	1.80545608829884e-05	SBRT_4h	4	Mutter_01	sld0004
sam0007	Fibroblast	29340	0.338248348531836	SBRT_day2	48	Mutter_01	sld0002
sam0007	Tumor	28583	0.329521218339655	SBRT_day2	48	Mutter_01	sld0002
sam0007	unassigned	15565	0.179442247610703	SBRT_day2	48	Mutter_01	sld0002
sam0007	Macrophages	8991	0.103653404964204	SBRT_day2	48	Mutter_01	sld0002
sam0007	Adipocyte	1570	0.0180998605042598	SBRT_day2	48	Mutter_01	sld0002
sam0007	SmoothMuscle	998	0.0115055164224531	SBRT_day2	48	Mutter_01	sld0002
sam0007	Endothelial	622	0.00717077276028637	SBRT_day2	48	Mutter_01	sld0002
sam0007	ILC	547	0.00630612974256695	SBRT_day2	48	Mutter_01	sld0002
sam0007	DC	229	0.00264004334743662	SBRT_day2	48	Mutter_01	sld0002
sam0007	T cells	122	0.00140648597549025	SBRT_day2	48	Mutter_01	sld0002
sam0007	Plasma cells	70	0.000807000149871456	SBRT_day2	48	Mutter_01	sld0002
sam0007	NK cells	68	0.000783943002732272	SBRT_day2	48	Mutter_01	sld0002
sam0007	Epithelial cells	20	0.000230571471391845	SBRT_day2	48	Mutter_01	sld0002
sam0007	Mast cells	13	0.000149871456404699	SBRT_day2	48	Mutter_01	sld0002
sam0007	Neutrophils	3	3.45857207087767e-05	SBRT_day2	48	Mutter_01	sld0002
sam0008	unassigned	28980	0.24713677801182	SBRT_day6	144	Mutter_01	sld0002
sam0008	Fibroblast	28207	0.240544758363678	SBRT_day6	144	Mutter_01	sld0002
sam0008	Macrophages	24692	0.210569403818766	SBRT_day6	144	Mutter_01	sld0002
sam0008	Tumor	16785	0.143139779811194	SBRT_day6	144	Mutter_01	sld0002
sam0008	ILC	9429	0.0804089951647152	SBRT_day6	144	Mutter_01	sld0002
sam0008	Adipocyte	3185	0.0271611676317338	SBRT_day6	144	Mutter_01	sld0002
sam0008	T cells	1858	0.0158447251051056	SBRT_day6	144	Mutter_01	sld0002
sam0008	SmoothMuscle	1546	0.0131840392962827	SBRT_day6	144	Mutter_01	sld0002
sam0008	Endothelial	907	0.00773475009167427	SBRT_day6	144	Mutter_01	sld0002
sam0008	DC	846	0.00721455190469287	SBRT_day6	144	Mutter_01	sld0002
sam0008	Plasma cells	437	0.00372666570017823	SBRT_day6	144	Mutter_01	sld0002
sam0008	NK cells	336	0.00286535394796313	SBRT_day6	144	Mutter_01	sld0002
sam0008	Epithelial cells	24	0.000204668139140223	SBRT_day6	144	Mutter_01	sld0002
sam0008	Mast cells	17	0.000144973265224325	SBRT_day6	144	Mutter_01	sld0002
sam0008	Neutrophils	14	0.000119389747831797	SBRT_day6	144	Mutter_01	sld0002
sam0012	Tumor	171054	0.573837256112289	Control	48	Mutter_02	sld0005
sam0012	unassigned	50395	0.169060814256193	Control	48	Mutter_02	sld0005
sam0012	Fibroblast	40344	0.135342583398191	Control	48	Mutter_02	sld0005
sam0012	Macrophages	24565	0.0824085504951558	Control	48	Mutter_02	sld0005
sam0012	Adipocyte	2889	0.00969176887362121	Control	48	Mutter_02	sld0005
sam0012	ILC	2841	0.00953074259950082	Control	48	Mutter_02	sld0005
sam0012	Endothelial	2266	0.00760178202410027	Control	48	Mutter_02	sld0005
sam0012	NK cells	1935	0.00649137167547838	Control	48	Mutter_02	sld0005
sam0012	SmoothMuscle	1205	0.00404243042323072	Control	48	Mutter_02	sld0005
sam0012	T cells	322	0.00108021792222431	Control	48	Mutter_02	sld0005
sam0012	Mast cells	110	0.000369018544859236	Control	48	Mutter_02	sld0005
sam0012	DC	100	0.000335471404417487	Control	48	Mutter_02	sld0005
sam0012	Plasma cells	23	7.71584230160221e-05	Control	48	Mutter_02	sld0005
sam0012	Epithelial cells	21	7.04489949276724e-05	Control	48	Mutter_02	sld0005
sam0012	Neutrophils	18	6.03848527951478e-05	Control	48	Mutter_02	sld0005
sam0013	Tumor	86077	0.387341658229272	MBRT_day2	48	Mutter_02	sld0005
sam0013	Fibroblast	46144	0.207645404432445	MBRT_day2	48	Mutter_02	sld0005
sam0013	Macrophages	42157	0.189704128698391	MBRT_day2	48	Mutter_02	sld0005
sam0013	unassigned	36138	0.162618967262909	MBRT_day2	48	Mutter_02	sld0005
sam0013	Adipocyte	3075	0.0138373270334121	MBRT_day2	48	Mutter_02	sld0005
sam0013	ILC	2962	0.0133288333895826	MBRT_day2	48	Mutter_02	sld0005
sam0013	Endothelial	2860	0.0128698391270109	MBRT_day2	48	Mutter_02	sld0005
sam0013	SmoothMuscle	1794	0.00807289908876139	MBRT_day2	48	Mutter_02	sld0005
sam0013	NK cells	351	0.00157948025649679	MBRT_day2	48	Mutter_02	sld0005
sam0013	T cells	300	0.00134998312521094	MBRT_day2	48	Mutter_02	sld0005
sam0013	DC	151	0.000679491506356171	MBRT_day2	48	Mutter_02	sld0005
sam0013	Mast cells	111	0.000499493756328046	MBRT_day2	48	Mutter_02	sld0005
sam0013	Epithelial cells	42	0.000188997637529531	MBRT_day2	48	Mutter_02	sld0005
sam0013	Neutrophils	37	0.000166497918776015	MBRT_day2	48	Mutter_02	sld0005
sam0013	Plasma cells	26	0.000116998537518281	MBRT_day2	48	Mutter_02	sld0005
sam0014	Tumor	227302	0.634728532374221	SBRT_day2	48	Mutter_02	sld0005
sam0014	Fibroblast	66120	0.184636521282626	SBRT_day2	48	Mutter_02	sld0005
sam0014	unassigned	25210	0.0703975605192832	SBRT_day2	48	Mutter_02	sld0005
sam0014	Macrophages	23191	0.0647596122968147	SBRT_day2	48	Mutter_02	sld0005
sam0014	Adipocyte	5055	0.0141158139002371	SBRT_day2	48	Mutter_02	sld0005
sam0014	Endothelial	4815	0.0134456268901368	SBRT_day2	48	Mutter_02	sld0005
sam0014	ILC	2800	0.00781884845116989	SBRT_day2	48	Mutter_02	sld0005
sam0014	SmoothMuscle	2353	0.00657062514485813	SBRT_day2	48	Mutter_02	sld0005
sam0014	T cells	561	0.0015665621361094	SBRT_day2	48	Mutter_02	sld0005
sam0014	NK cells	309	0.000862865775504106	SBRT_day2	48	Mutter_02	sld0005
sam0014	DC	164	0.000457961123568522	SBRT_day2	48	Mutter_02	sld0005
sam0014	Mast cells	122	0.000340678396800974	SBRT_day2	48	Mutter_02	sld0005
sam0014	Epithelial cells	47	0.000131244956144638	SBRT_day2	48	Mutter_02	sld0005
sam0014	Plasma cells	45	0.000125660064393802	SBRT_day2	48	Mutter_02	sld0005
sam0014	Neutrophils	15	4.18866881312673e-05	SBRT_day2	48	Mutter_02	sld0005
sam0015	Tumor	108046	0.492474725835711	Control	48	Mutter_02	sld0006
sam0015	unassigned	45934	0.209367621721651	Control	48	Mutter_02	sld0006
sam0015	Fibroblast	29395	0.133982697794835	Control	48	Mutter_02	sld0006
sam0015	Macrophages	16899	0.0770258074514344	Control	48	Mutter_02	sld0006
sam0015	T cells	8030	0.0366008186185584	Control	48	Mutter_02	sld0006
sam0015	Adipocyte	3935	0.0179357685260308	Control	48	Mutter_02	sld0006
sam0015	ILC	3088	0.0140751342333883	Control	48	Mutter_02	sld0006
sam0015	Endothelial	1880	0.00856905840633746	Control	48	Mutter_02	sld0006
sam0015	SmoothMuscle	1439	0.00655897608868064	Control	48	Mutter_02	sld0006
sam0015	DC	221	0.00100732016372371	Control	48	Mutter_02	sld0006
sam0015	NK cells	211	0.000961740065817661	Control	48	Mutter_02	sld0006
sam0015	Plasma cells	201	0.000916159967911611	Control	48	Mutter_02	sld0006
sam0015	Mast cells	60	0.000273480587436302	Control	48	Mutter_02	sld0006
sam0015	Neutrophils	33	0.000150414323089966	Control	48	Mutter_02	sld0006
sam0015	Epithelial cells	22	0.000100276215393311	Control	48	Mutter_02	sld0006
sam0016	Tumor	63012	0.394073759060407	MBRT_day2	48	Mutter_02	sld0006
sam0016	unassigned	35012	0.218963220532961	MBRT_day2	48	Mutter_02	sld0006
sam0016	Fibroblast	34832	0.217837509928142	MBRT_day2	48	Mutter_02	sld0006
sam0016	Macrophages	17550	0.109756783969881	MBRT_day2	48	Mutter_02	sld0006
sam0016	Adipocyte	2197	0.0137399233265999	MBRT_day2	48	Mutter_02	sld0006
sam0016	Endothelial	2133	0.0133396706671086	MBRT_day2	48	Mutter_02	sld0006
sam0016	SmoothMuscle	2129	0.0133146548758904	MBRT_day2	48	Mutter_02	sld0006
sam0016	ILC	1821	0.0113884389520885	MBRT_day2	48	Mutter_02	sld0006
sam0016	Epithelial cells	563	0.00352097261396256	MBRT_day2	48	Mutter_02	sld0006
sam0016	T cells	247	0.00154472510772425	MBRT_day2	48	Mutter_02	sld0006
sam0016	NK cells	189	0.00118199613506026	MBRT_day2	48	Mutter_02	sld0006
sam0016	Mast cells	97	0.000606632937041508	MBRT_day2	48	Mutter_02	sld0006
sam0016	DC	82	0.000512823719973233	MBRT_day2	48	Mutter_02	sld0006
sam0016	Plasma cells	20	0.000125078956091032	MBRT_day2	48	Mutter_02	sld0006
sam0016	Neutrophils	15	9.38092170682743e-05	MBRT_day2	48	Mutter_02	sld0006
sam0017	Tumor	61738	0.58582733949481	SBRT_day2	48	Mutter_02	sld0006
sam0017	Fibroblast	20145	0.191154422788606	SBRT_day2	48	Mutter_02	sld0006
sam0017	unassigned	9661	0.0916725181712941	SBRT_day2	48	Mutter_02	sld0006
sam0017	SmoothMuscle	5919	0.0561649554969351	SBRT_day2	48	Mutter_02	sld0006
sam0017	Macrophages	4842	0.04594538173951	SBRT_day2	48	Mutter_02	sld0006
sam0017	Adipocyte	1415	0.0134268308883533	SBRT_day2	48	Mutter_02	sld0006
sam0017	Endothelial	1120	0.0106275975936083	SBRT_day2	48	Mutter_02	sld0006
sam0017	ILC	267	0.00253354335490483	SBRT_day2	48	Mutter_02	sld0006
sam0017	T cells	89	0.000844514451634942	SBRT_day2	48	Mutter_02	sld0006
sam0017	DC	85	0.000806558745943484	SBRT_day2	48	Mutter_02	sld0006
sam0017	Epithelial cells	46	0.000436490615451768	SBRT_day2	48	Mutter_02	sld0006
sam0017	NK cells	41	0.000389045983337445	SBRT_day2	48	Mutter_02	sld0006
sam0017	Mast cells	12	0.000113867117074374	SBRT_day2	48	Mutter_02	sld0006
sam0017	Plasma cells	4	3.79557056914581e-05	SBRT_day2	48	Mutter_02	sld0006
sam0017	Neutrophils	2	1.8977852845729e-05	SBRT_day2	48	Mutter_02	sld0006
sam0018	Tumor	54203	0.621465752482286	Control	4	Mutter_02	sld0007
sam0018	Fibroblast	17079	0.195819670251554	Control	4	Mutter_02	sld0007
sam0018	unassigned	5530	0.0634043431401775	Control	4	Mutter_02	sld0007
sam0018	SmoothMuscle	4198	0.0481322662753101	Control	4	Mutter_02	sld0007
sam0018	Macrophages	3647	0.041814763007636	Control	4	Mutter_02	sld0007
sam0018	Endothelial	1335	0.0153064734343828	Control	4	Mutter_02	sld0007
sam0018	Adipocyte	667	0.00764750395560549	Control	4	Mutter_02	sld0007
sam0018	ILC	303	0.00347405352106217	Control	4	Mutter_02	sld0007
sam0018	DC	84	0.000963103946433076	Control	4	Mutter_02	sld0007
sam0018	T cells	60	0.00068793139030934	Control	4	Mutter_02	sld0007
sam0018	NK cells	60	0.00068793139030934	Control	4	Mutter_02	sld0007
sam0018	Mast cells	23	0.000263707032951914	Control	4	Mutter_02	sld0007
sam0018	Plasma cells	18	0.000206379417092802	Control	4	Mutter_02	sld0007
sam0018	Neutrophils	6	6.8793139030934e-05	Control	4	Mutter_02	sld0007
sam0018	Epithelial cells	5	5.73276158591117e-05	Control	4	Mutter_02	sld0007
sam0019	Tumor	64227	0.575196353247777	MBRT_4h	4	Mutter_02	sld0007
sam0019	Fibroblast	23472	0.210207682180887	MBRT_4h	4	Mutter_02	sld0007
sam0019	SmoothMuscle	9218	0.0825534430105408	MBRT_4h	4	Mutter_02	sld0007
sam0019	unassigned	7087	0.0634688924512587	MBRT_4h	4	Mutter_02	sld0007
sam0019	Macrophages	4276	0.0382944806154342	MBRT_4h	4	Mutter_02	sld0007
sam0019	Adipocyte	1393	0.012475259938564	MBRT_4h	4	Mutter_02	sld0007
sam0019	Endothelial	1212	0.010854282157602	MBRT_4h	4	Mutter_02	sld0007
sam0019	ILC	358	0.00320613284853261	MBRT_4h	4	Mutter_02	sld0007
sam0019	NK cells	159	0.00142395285730918	MBRT_4h	4	Mutter_02	sld0007
sam0019	DC	121	0.00108363708009063	MBRT_4h	4	Mutter_02	sld0007
sam0019	T cells	74	0.000662720197741378	MBRT_4h	4	Mutter_02	sld0007
sam0019	Plasma cells	26	0.000232847637044268	MBRT_4h	4	Mutter_02	sld0007
sam0019	Mast cells	22	0.000197024923652842	MBRT_4h	4	Mutter_02	sld0007
sam0019	Epithelial cells	12	0.000107468140174277	MBRT_4h	4	Mutter_02	sld0007
sam0019	Neutrophils	4	3.58227133914258e-05	MBRT_4h	4	Mutter_02	sld0007
sam0020	Tumor	54214	0.555801603411864	SBRT_4h	4	Mutter_02	sld0007
sam0020	Fibroblast	20143	0.206505915400545	SBRT_4h	4	Mutter_02	sld0007
sam0020	Macrophages	8048	0.0825080478153001	SBRT_4h	4	Mutter_02	sld0007
sam0020	unassigned	7944	0.0814418404379652	SBRT_4h	4	Mutter_02	sld0007
sam0020	SmoothMuscle	3471	0.035584671218552	SBRT_4h	4	Mutter_02	sld0007
sam0020	Endothelial	1723	0.0176641856841156	SBRT_4h	4	Mutter_02	sld0007
sam0020	Adipocyte	1109	0.0113694613602346	SBRT_4h	4	Mutter_02	sld0007
sam0020	ILC	574	0.00588464456336758	SBRT_4h	4	Mutter_02	sld0007
sam0020	T cells	104	0.00106620737733489	SBRT_4h	4	Mutter_02	sld0007
sam0020	Mast cells	71	0.00072789157491132	SBRT_4h	4	Mutter_02	sld0007
sam0020	DC	60	0.00061511964077013	SBRT_4h	4	Mutter_02	sld0007
sam0020	NK cells	51	0.00052285169465461	SBRT_4h	4	Mutter_02	sld0007
sam0020	Plasma cells	11	0.00011277193414119	SBRT_4h	4	Mutter_02	sld0007
sam0020	Neutrophils	10	0.000102519940128355	SBRT_4h	4	Mutter_02	sld0007
sam0020	Epithelial cells	9	9.22679461155195e-05	SBRT_4h	4	Mutter_02	sld0007
sam0021	Tumor	48440	0.48272013393391	Control	4	Mutter_02	sld0008
sam0021	Fibroblast	21070	0.209969306812293	Control	4	Mutter_02	sld0008
sam0021	SmoothMuscle	15365	0.153117152309961	Control	4	Mutter_02	sld0008
sam0021	unassigned	10023	0.0998824092159286	Control	4	Mutter_02	sld0008
sam0021	Macrophages	2610	0.0260094869852912	Control	4	Mutter_02	sld0008
sam0021	Adipocyte	1139	0.0113505002590983	Control	4	Mutter_02	sld0008
sam0021	Endothelial	903	0.00899868457766971	Control	4	Mutter_02	sld0008
sam0021	ILC	413	0.0041156774425001	Control	4	Mutter_02	sld0008
sam0021	T cells	119	0.00118587316139833	Control	4	Mutter_02	sld0008
sam0021	DC	105	0.00104635867182206	Control	4	Mutter_02	sld0008
sam0021	Plasma cells	47	0.000468370072148922	Control	4	Mutter_02	sld0008
sam0021	Epithelial cells	45	0.000448439430780882	Control	4	Mutter_02	sld0008
sam0021	NK cells	40	0.000398612827360785	Control	4	Mutter_02	sld0008
sam0021	Mast cells	25	0.00024913301710049	Control	4	Mutter_02	sld0008
sam0021	Neutrophils	4	3.98612827360785e-05	Control	4	Mutter_02	sld0008
sam0022	Tumor	110331	0.580555029361622	MBRT_4h	4	Mutter_02	sld0008
sam0022	Fibroblast	40132	0.211172149607459	MBRT_4h	4	Mutter_02	sld0008
sam0022	unassigned	19892	0.104670497358506	MBRT_4h	4	Mutter_02	sld0008
sam0022	Macrophages	8722	0.0458946349266486	MBRT_4h	4	Mutter_02	sld0008
sam0022	SmoothMuscle	3371	0.0177379975163646	MBRT_4h	4	Mutter_02	sld0008
sam0022	Endothelial	3286	0.0172907326724338	MBRT_4h	4	Mutter_02	sld0008
sam0022	Adipocyte	2919	0.0153596009345204	MBRT_4h	4	Mutter_02	sld0008
sam0022	ILC	721	0.00379385826440193	MBRT_4h	4	Mutter_02	sld0008
sam0022	DC	173	0.000910315505882848	MBRT_4h	4	Mutter_02	sld0008
sam0022	NK cells	161	0.000847172233798489	MBRT_4h	4	Mutter_02	sld0008
sam0022	T cells	153	0.000805076719075582	MBRT_4h	4	Mutter_02	sld0008
sam0022	Mast cells	106	0.000557765570078508	MBRT_4h	4	Mutter_02	sld0008
sam0022	Plasma cells	44	0.000231525330975985	MBRT_4h	4	Mutter_02	sld0008
sam0022	Epithelial cells	20	0.000105238786807266	MBRT_4h	4	Mutter_02	sld0008
sam0022	Neutrophils	13	6.84052114247227e-05	MBRT_4h	4	Mutter_02	sld0008
sam0023	Tumor	251359	0.670192371785471	SBRT_4h	4	Mutter_02	sld0008
sam0023	Fibroblast	60461	0.161205689832158	SBRT_4h	4	Mutter_02	sld0008
sam0023	Macrophages	26233	0.0699444081534708	SBRT_4h	4	Mutter_02	sld0008
sam0023	unassigned	21055	0.0561384330298223	SBRT_4h	4	Mutter_02	sld0008
sam0023	Endothelial	5037	0.0134300302622282	SBRT_4h	4	Mutter_02	sld0008
sam0023	Adipocyte	4190	0.0111716948180933	SBRT_4h	4	Mutter_02	sld0008
sam0023	ILC	3059	0.00815613709989202	SBRT_4h	4	Mutter_02	sld0008
sam0023	SmoothMuscle	2433	0.00648704856621029	SBRT_4h	4	Mutter_02	sld0008
sam0023	T cells	463	0.00123448560877738	SBRT_4h	4	Mutter_02	sld0008
sam0023	NK cells	308	0.000821212888776313	SBRT_4h	4	Mutter_02	sld0008
sam0023	Mast cells	221	0.000589246910453134	SBRT_4h	4	Mutter_02	sld0008
sam0023	DC	154	0.000410606444388156	SBRT_4h	4	Mutter_02	sld0008
sam0023	Plasma cells	46	0.000122648678193865	SBRT_4h	4	Mutter_02	sld0008
sam0023	Epithelial cells	23	6.13243390969325e-05	SBRT_4h	4	Mutter_02	sld0008
sam0023	Neutrophils	13	3.46615829678314e-05	SBRT_4h	4	Mutter_02	sld0008
