cell_type	contrast	n_genes_tested	n_padj_05	n_padj_05_lfc_1	top5_up	top5_down
a	MBRT_vs_Ctrl	950	5	0	Col3a1,S100a8	Cfd,Acvr1b,Col4a2
a	SBRT_vs_Ctrl	950	127	8	Gzmb,Col1a1,Top2a,Ccnd1,Hmgb2	Acvr1b,Jchain,Cntfr,H2-DMb2,H2-Ob
a	MBRT_vs_SBRT	950	25	0	S100a8,Clec7a,Cdkn1a,Ptgs2,Cntfr	Hmgb2,Col6a1,Gzmb,Top2a,Gsn
b	MBRT_vs_Ctrl	950	1	1	Col3a1	""
b	SBRT_vs_Ctrl	950	60	10	Col3a1,Gzmb,Col1a1,Col6a1,Hmgb2	Ifi44l,Ciita,Cxcr4,Cmklr1,Acvr1b
b	MBRT_vs_SBRT	950	27	6	Il33,Cdkn1a,Clec7a,Ptgs2,Pgf	Col6a1,Csf3,Krt8,Hmgb2,Gzmb
B.cell	MBRT_vs_Ctrl	680	0	0	""	""
B.cell	SBRT_vs_Ctrl	680	18	16	Gzmb,Acta2,Gsn,Axl,Col5a1	Fn1,H2-DMb2,H2-Eb1
B.cell	MBRT_vs_SBRT	680	0	0	""	""
Blood.endothelial	MBRT_vs_Ctrl	949	0	0	""	""
Blood.endothelial	SBRT_vs_Ctrl	949	59	13	Col1a1,Col3a1,Top2a,Notch3,Col1a2	Cdkn1a,Ifit3/b,Acvr1b,Fn1,Pdgfc
Blood.endothelial	MBRT_vs_SBRT	949	8	2	Cdkn1a,Bax	Hmgb2,Mki67,Stmn1,Col5a3,Dnmt1
BM.Neutrophil	MBRT_vs_Ctrl	670	0	0	""	""
BM.Neutrophil	SBRT_vs_Ctrl	670	4	4	Col1a1,Col1a2,Crip1,Arg1	""
BM.Neutrophil	MBRT_vs_SBRT	670	7	7	Il17b,Fgf18,Hilpda,Cdkn1a	Col1a2,Col1a1,Crip1
CD8.T.cell	MBRT_vs_Ctrl	950	3	2	S100a9,Col3a1,Col5a3	""
CD8.T.cell	SBRT_vs_Ctrl	950	24	8	Col3a1,Col1a1,Acta2,Gzma,Meg3	Jchain,Fkbp5,Egf,Ccl21a/b/d,Ptgs2
CD8.T.cell	MBRT_vs_SBRT	950	1	0	Pgf	""
Colon.Treg.Nrplo	MBRT_vs_Ctrl	227	0	0	""	""
Colon.Treg.Nrplo	SBRT_vs_Ctrl	227	16	11	Krt8,Lpar5,Nfkb1,Krt18,Hmgb2	Cxcl10,Fn1,Lcn2,Lgals9,Spp1
Colon.Treg.Nrplo	MBRT_vs_SBRT	227	3	3	Cxcl10,Mmp12	Krt8
Dendritic	MBRT_vs_Ctrl	943	0	0	""	""
Dendritic	SBRT_vs_Ctrl	943	28	13	Col1a1,Col3a1,Mrc1,Acta2,Col1a2	Cdkn1a,Ifit3/b,Bax
Dendritic	MBRT_vs_SBRT	943	3	1	Cdkn1a	Cfd,Crip1
DN4	MBRT_vs_Ctrl	47	0	0	""	""
DN4	SBRT_vs_Ctrl	47	0	0	""	""
DN4	MBRT_vs_SBRT	47	0	0	""	""
Fibroblastic.reticular	MBRT_vs_Ctrl	950	3	1	Ackr3	Gata3,Ifit3/b
Fibroblastic.reticular	SBRT_vs_Ctrl	950	59	9	Col5a3,Cd34,Crip1,Col14a1,Acta2	Ifit3/b,Gata3,Cdkn1a,Lcn2,Mx1
Fibroblastic.reticular	MBRT_vs_SBRT	950	5	2	Cdkn1a,Vpreb3,Bcl2l1	Col5a3,Crip1
GC_centroblasts	MBRT_vs_Ctrl	47	0	0	""	""
GC_centroblasts	SBRT_vs_Ctrl	47	0	0	""	""
GC_centroblasts	MBRT_vs_SBRT	47	0	0	""	""
GC_centrocyes	MBRT_vs_Ctrl	131	0	0	""	""
GC_centrocyes	SBRT_vs_Ctrl	131	0	0	""	""
GC_centrocyes	MBRT_vs_SBRT	131	1	0	""	Mki67
gdT	MBRT_vs_Ctrl	950	3	0	Col3a1,Krt14,Pf4	""
gdT	SBRT_vs_Ctrl	950	95	14	Acta2,Gzmb,Mki67,Col1a1,Hmgb2	Ifi44l,Ciita,Ifit3/b,Il12rb1,Cdkn1a
gdT	MBRT_vs_SBRT	950	11	2	Krt13,Cdkn1a,Ifi44l,Clec7a,Nell2	Hmgb2,Ldlr,Acta2,Col6a2,Mki67
ILC	MBRT_vs_Ctrl	927	3	1	Cxcl3	Il12rb1,Ciita
ILC	SBRT_vs_Ctrl	927	25	9	Mrc1,Il4ra,Acta2,Col3a1,Meg3	Cdkn1a
ILC	MBRT_vs_SBRT	927	8	2	Cdkn1a	Krt18,Hmgb2,Krt8,Ccnd1,S100a6
Ly6Chi.blood.monocytes	MBRT_vs_Ctrl	730	0	0	""	""
Ly6Chi.blood.monocytes	SBRT_vs_Ctrl	730	10	7	Ptgs1,Top2a,Mki67,Lair1,Hmgb2	Cdkn1a
Ly6Chi.blood.monocytes	MBRT_vs_SBRT	730	3	2	Cdkn1a	Top2a,Hmgb2
Ly6Clo.blood.monocytes	MBRT_vs_Ctrl	950	1	1	Col3a1	""
Ly6Clo.blood.monocytes	SBRT_vs_Ctrl	950	67	9	Col1a1,Col3a1,Acta2,Top2a,Col1a2	Cdkn1a,Ephb3,Il2ra,Inhba,Bax
Ly6Clo.blood.monocytes	MBRT_vs_SBRT	950	9	2	Cdkn1a,Hspb1	Top2a,Mki67,Hmgb2,Lair1,Acta2
Lymphatic.endothelial	MBRT_vs_Ctrl	909	0	0	""	""
Lymphatic.endothelial	SBRT_vs_Ctrl	909	22	6	Col1a1,Gzmb,Ccnd1,Hmgb2,Clu	H2-DMb1
Lymphatic.endothelial	MBRT_vs_SBRT	909	0	0	""	""
Macrophage	MBRT_vs_Ctrl	947	0	0	""	""
Macrophage	SBRT_vs_Ctrl	947	29	10	Col1a1,Gzmb,Hmgb2,Ccnd1,Mki67	Fn1,Cxcr4,Cdkn1a,Col11a1,Cmklr1
Macrophage	MBRT_vs_SBRT	947	3	2	Cdkn1a	Top2a,Hmgb2
Memory.B	MBRT_vs_Ctrl	346	0	0	""	""
Memory.B	SBRT_vs_Ctrl	346	4	4	Ccl8,Col1a1,Col1a2	H2-T23
Memory.B	MBRT_vs_SBRT	346	0	0	""	""
Microglia	MBRT_vs_Ctrl	381	0	0	""	""
Microglia	SBRT_vs_Ctrl	381	0	0	""	""
Microglia	MBRT_vs_SBRT	381	0	0	""	""
NK	MBRT_vs_Ctrl	36	0	0	""	""
NK	SBRT_vs_Ctrl	36	4	4	Col1a1,Col1a2,Krt8	H2-Ab1
NK	MBRT_vs_SBRT	36	0	0	""	""
NKT	MBRT_vs_Ctrl	950	1	1	Col3a1	""
NKT	SBRT_vs_Ctrl	950	22	5	Col3a1,Col1a1,Acta2,Col1a2,Lair1	Cdkn1a,Ifit3/b,Tnfsf4,Icam2,Cd28
NKT	MBRT_vs_SBRT	950	4	1	Cdkn1a,Pdcd1,Tnfsf4	Acta2
PerC.macrophage	MBRT_vs_Ctrl	947	3	1	Pf4,Cxcl3	Ciita
PerC.macrophage	SBRT_vs_Ctrl	947	51	18	Cd163,Top2a,Acta2,Pf4,Il4ra	Cdkn1a,Ifit3/b,Acvrl1,Ccrl2,Il12rb1
PerC.macrophage	MBRT_vs_SBRT	947	10	5	Cdkn1a	Top2a,Hmgb2,Lair1,Nusap1,Mki67
Pericyte	MBRT_vs_Ctrl	950	2	0	Gpx3	Ifit3/b
Pericyte	SBRT_vs_Ctrl	950	130	22	Acta2,Col5a1,Col5a3,Ffar2,Angptl1	Cdkn1a,Ifit3/b,Ccl21a/b/d,Acvr1b,Tnfrsf13b
Pericyte	MBRT_vs_SBRT	950	20	1	Cdkn1a,Cmklr1,Cxcr4,Ccl11,Csf3r	Top2a,Actg2,Hmgb2,Col5a3,Igfbp3
Plasma	MBRT_vs_Ctrl	531	0	0	""	""
Plasma	SBRT_vs_Ctrl	531	3	2	Ccnd1,Mki67,Hmgb2	""
Plasma	MBRT_vs_SBRT	531	2	2	Cdkn1a	Hmgb2
Plasmablast	MBRT_vs_Ctrl	189	0	0	""	""
Plasmablast	SBRT_vs_Ctrl	189	0	0	""	""
Plasmablast	MBRT_vs_SBRT	189	0	0	""	""
small.peritoneal.macs	MBRT_vs_Ctrl	573	1	1	S100a9	""
small.peritoneal.macs	SBRT_vs_Ctrl	573	8	4	Arg1,Col1a1,Hmgb2,Stmn1,Ccnd1	Cdkn1a,Cxcl9,Bax
small.peritoneal.macs	MBRT_vs_SBRT	573	1	1	Cdkn1a	""
Spleen.CD4Act.48hrs	MBRT_vs_Ctrl	88	0	0	""	""
Spleen.CD4Act.48hrs	SBRT_vs_Ctrl	88	0	0	""	""
Spleen.CD4Act.48hrs	MBRT_vs_SBRT	88	0	0	""	""
Spleen.Naive.CD4	MBRT_vs_Ctrl	797	0	0	""	""
Spleen.Naive.CD4	SBRT_vs_Ctrl	797	7	7	Krt8,Krt18,Hmgb2,Mki67,Stmn1	H2-Aa,Fn1
Spleen.Naive.CD4	MBRT_vs_SBRT	797	0	0	""	""
spleen.red.pulp.macs	MBRT_vs_Ctrl	950	3	1	Col3a1,Stat5a,Col5a3	""
spleen.red.pulp.macs	SBRT_vs_Ctrl	950	83	14	Acta2,Pf4,Col3a1,Col1a1,Col5a3	Cdkn1a,Ifit3/b,Fkbp5,Bax,Gata3
spleen.red.pulp.macs	MBRT_vs_SBRT	950	5	1	Cdkn1a,Bax,Bcl2l1	Acta2,Lair1
Spleen.Treg	MBRT_vs_Ctrl	51	0	0	""	""
Spleen.Treg	SBRT_vs_Ctrl	51	0	0	""	""
Spleen.Treg	MBRT_vs_SBRT	51	0	0	""	""
Stem.Prog	MBRT_vs_Ctrl	950	3	2	S100a8,Col3a1	Nkg7
Stem.Prog	SBRT_vs_Ctrl	950	97	18	Top2a,Hmgb2,Mki67,Nusap1,Gzmb	Acvr1b,Il12rb1,Ifit3/b,Cd84,H2-DMb2
Stem.Prog	MBRT_vs_SBRT	950	34	7	S100a9,Clec7a,S100a8,Cdkn1a,Havcr2	Top2a,Hmgb2,Mki67,Nusap1,Ldlr
Thio.induced.Peritoneal.Neutrophil	MBRT_vs_Ctrl	354	0	0	""	""
Thio.induced.Peritoneal.Neutrophil	SBRT_vs_Ctrl	354	6	6	Meg3,Col1a2,Col1a1,Il4ra	Lcn2,Cdkn1a
Thio.induced.Peritoneal.Neutrophil	MBRT_vs_SBRT	354	7	7	Ccrl2,Cdkn1a	Col1a1,Hmgb2,Col1a2,Clu,Krt8
Thymic.4.8.CD3lo.DP	MBRT_vs_Ctrl	919	0	0	""	""
Thymic.4.8.CD3lo.DP	SBRT_vs_Ctrl	919	25	11	Col1a1,Col3a1,Col1a2,Ccl8,Meg3	Lcn2,Flt1,Cdkn1a
Thymic.4.8.CD3lo.DP	MBRT_vs_SBRT	919	16	6	Cdkn1a	Col1a1,Cfd,Col1a2,Hmgb2,Acta2
Thymic.CD4SP	MBRT_vs_Ctrl	192	0	0	""	""
Thymic.CD4SP	SBRT_vs_Ctrl	192	1	1	Col1a1	""
Thymic.CD4SP	MBRT_vs_SBRT	192	1	1	""	Krt8
Thymic.CD8SP	MBRT_vs_Ctrl	263	0	0	""	""
Thymic.CD8SP	SBRT_vs_Ctrl	263	0	0	""	""
Thymic.CD8SP	MBRT_vs_SBRT	263	0	0	""	""
Thymic.preT.DN1	MBRT_vs_Ctrl	911	0	0	""	""
Thymic.preT.DN1	SBRT_vs_Ctrl	911	15	10	Col1a1,Krt8,Ccnd1,Krt18,Col3a1	Cdkn1a
Thymic.preT.DN1	MBRT_vs_SBRT	911	13	8	Col11a1,Cdkn1a	Krt8,Krt18,Bmp7,Hmgb2,S100a4
tumor_epithelial	MBRT_vs_Ctrl	950	0	0	""	""
tumor_epithelial	SBRT_vs_Ctrl	950	99	12	Gzmb,Col6a1,Col6a2,Il1r1,Ccnd1	Ifi44l,Krt4,Krt13,Il12rb1,H2-DMb2
tumor_epithelial	MBRT_vs_SBRT	950	21	1	Apoe,Csf2,Cdkn1a,Fabp5,Il12rb1	Col6a1,Col6a2,Krt19,Ifnar1,Il1r1
