cell_type	pathway_name	dataset	pearson_r	n_samples
Adipocyte	Angiogenesis	Mutter_01	0.9297	8
Adipocyte	DNA_Damage_Repair	Mutter_01	0.9106	8
Adipocyte	Fibrosis_remodeling	Mutter_01	0.9991	8
Adipocyte	HALLMARK_ADIPOGENESIS	Mutter_01	0.9977	8
Adipocyte	HALLMARK_ALLOGRAFT_REJECTION	Mutter_01	0.9992	8
Adipocyte	HALLMARK_ANDROGEN_RESPONSE	Mutter_01	0.9288	8
Adipocyte	HALLMARK_ANGIOGENESIS	Mutter_01	0.9872	8
Adipocyte	HALLMARK_APICAL_JUNCTION	Mutter_01	0.9275	8
Adipocyte	HALLMARK_APICAL_SURFACE	Mutter_01	0.8513	8
Adipocyte	HALLMARK_APOPTOSIS	Mutter_01	0.9904	8
Adipocyte	HALLMARK_BILE_ACID_METABOLISM	Mutter_01	0.9457	8
Adipocyte	HALLMARK_CHOLESTEROL_HOMEOSTASIS	Mutter_01	0.8015	8
Adipocyte	HALLMARK_COAGULATION	Mutter_01	0.83	8
Adipocyte	HALLMARK_COMPLEMENT	Mutter_01	0.9642	8
Adipocyte	HALLMARK_DNA_REPAIR	Mutter_01	0.849	8
Adipocyte	HALLMARK_E2F_TARGETS	Mutter_01	0.8239	8
Adipocyte	HALLMARK_EPITHELIAL_MESENCHYMAL_TRANSITION;HALLMARK_TGF_BETA_SIGNALING	Mutter_01	0.9991	8
Adipocyte	HALLMARK_ESTROGEN_RESPONSE_EARLY	Mutter_01	0.9545	8
Adipocyte	HALLMARK_ESTROGEN_RESPONSE_LATE	Mutter_01	0.9498	8
Adipocyte	HALLMARK_FATTY_ACID_METABOLISM	Mutter_01	0.942	8
Adipocyte	HALLMARK_G2M_CHECKPOINT	Mutter_01	0.8281	8
Adipocyte	HALLMARK_GLYCOLYSIS	Mutter_01	0.8823	8
Adipocyte	HALLMARK_HEDGEHOG_SIGNALING	Mutter_01	0.8469	8
Adipocyte	HALLMARK_HEME_METABOLISM	Mutter_01	0.8555	8
Adipocyte	HALLMARK_HYPOXIA	Mutter_01	0.9737	8
Adipocyte	HALLMARK_IL2_STAT5_SIGNALING	Mutter_01	0.991	8
Adipocyte	HALLMARK_IL6_JAK_STAT3_SIGNALING	Mutter_01	0.993	8
Adipocyte	HALLMARK_INFLAMMATORY_RESPONSE	Mutter_01	0.9826	8
Adipocyte	HALLMARK_INTERFERON_ALPHA_RESPONSE	Mutter_01	0.9315	8
Adipocyte	HALLMARK_INTERFERON_GAMMA_RESPONSE	Mutter_01	0.9819	8
Adipocyte	HALLMARK_KRAS_SIGNALING_DN	Mutter_01	0.1737	8
Adipocyte	HALLMARK_KRAS_SIGNALING_UP	Mutter_01	0.9412	8
Adipocyte	HALLMARK_MITOTIC_SPINDLE	Mutter_01	0.9924	8
Adipocyte	HALLMARK_MTORC1_SIGNALING	Mutter_01	0.916	8
Adipocyte	HALLMARK_MYC_TARGETS_V1	Mutter_01	0.854	8
Adipocyte	HALLMARK_MYOGENESIS	Mutter_01	0.9971	8
Adipocyte	HALLMARK_NOTCH_SIGNALING	Mutter_01	0.9706	8
Adipocyte	HALLMARK_P53_PATHWAY	Mutter_01	0.9324	8
Adipocyte	HALLMARK_PEROXISOME	Mutter_01	0.7578	8
Adipocyte	HALLMARK_PI3K_AKT_MTOR_SIGNALING	Mutter_01	0.5808	8
Adipocyte	HALLMARK_PROTEIN_SECRETION	Mutter_01	0.7005	8
Adipocyte	HALLMARK_REACTIVE_OXYGEN_SPECIES_PATHWAY	Mutter_01	0.9293	8
Adipocyte	HALLMARK_SPERMATOGENESIS	Mutter_01	0.7971	8
Adipocyte	HALLMARK_TNFA_SIGNALING_VIA_NFKB	Mutter_01	0.9629	8
Adipocyte	HALLMARK_UNFOLDED_PROTEIN_RESPONSE	Mutter_01	0.3748	8
Adipocyte	HALLMARK_UV_RESPONSE_DN	Mutter_01	0.9904	8
Adipocyte	HALLMARK_UV_RESPONSE_UP	Mutter_01	0.8951	8
Adipocyte	HALLMARK_WNT_BETA_CATENIN_SIGNALING	Mutter_01	0.8941	8
Adipocyte	HALLMARK_XENOBIOTIC_METABOLISM	Mutter_01	0.9754	8
Adipocyte	Hypoxia	Mutter_01	0.8896	8
Adipocyte	SASP	Mutter_01	0.9556	8
Adipocyte	Stromal_stress_senescence	Mutter_01	0.9687	8
Adipocyte	TypeII_interferon	Mutter_01	0.9727	8
Adipocyte	TypeI_interferon	Mutter_01	0.9571	8
DC	Angiogenesis	Mutter_01	0.9816	8
DC	DNA_Damage_Repair	Mutter_01	0.9761	8
DC	Fibrosis_remodeling	Mutter_01	0.9967	8
DC	HALLMARK_ADIPOGENESIS	Mutter_01	0.9854	8
DC	HALLMARK_ALLOGRAFT_REJECTION	Mutter_01	0.9975	8
DC	HALLMARK_ANDROGEN_RESPONSE	Mutter_01	0.9748	8
DC	HALLMARK_ANGIOGENESIS	Mutter_01	0.9583	8
DC	HALLMARK_APICAL_JUNCTION	Mutter_01	0.9625	8
DC	HALLMARK_APICAL_SURFACE	Mutter_01	0.9761	8
DC	HALLMARK_APOPTOSIS	Mutter_01	0.9521	8
DC	HALLMARK_BILE_ACID_METABOLISM	Mutter_01	0.955	8
DC	HALLMARK_CHOLESTEROL_HOMEOSTASIS	Mutter_01	0.9945	8
DC	HALLMARK_COAGULATION	Mutter_01	0.9726	8
DC	HALLMARK_COMPLEMENT	Mutter_01	0.9786	8
DC	HALLMARK_DNA_REPAIR	Mutter_01	0.9368	8
DC	HALLMARK_E2F_TARGETS	Mutter_01	0.992	8
DC	HALLMARK_EPITHELIAL_MESENCHYMAL_TRANSITION;HALLMARK_TGF_BETA_SIGNALING	Mutter_01	0.9954	8
DC	HALLMARK_ESTROGEN_RESPONSE_EARLY	Mutter_01	0.9766	8
DC	HALLMARK_ESTROGEN_RESPONSE_LATE	Mutter_01	0.9798	8
DC	HALLMARK_FATTY_ACID_METABOLISM	Mutter_01	0.839	8
DC	HALLMARK_G2M_CHECKPOINT	Mutter_01	0.983	8
DC	HALLMARK_GLYCOLYSIS	Mutter_01	0.8179	8
DC	HALLMARK_HEDGEHOG_SIGNALING	Mutter_01	0.9448	8
DC	HALLMARK_HEME_METABOLISM	Mutter_01	0.6978	8
DC	HALLMARK_HYPOXIA	Mutter_01	0.9563	8
DC	HALLMARK_IL2_STAT5_SIGNALING	Mutter_01	0.9896	8
DC	HALLMARK_IL6_JAK_STAT3_SIGNALING	Mutter_01	0.9993	8
DC	HALLMARK_INFLAMMATORY_RESPONSE	Mutter_01	0.9967	8
DC	HALLMARK_INTERFERON_ALPHA_RESPONSE	Mutter_01	0.942	8
DC	HALLMARK_INTERFERON_GAMMA_RESPONSE	Mutter_01	0.9924	8
DC	HALLMARK_KRAS_SIGNALING_DN	Mutter_01	0.8881	8
DC	HALLMARK_KRAS_SIGNALING_UP	Mutter_01	0.8131	8
DC	HALLMARK_MITOTIC_SPINDLE	Mutter_01	0.9693	8
DC	HALLMARK_MTORC1_SIGNALING	Mutter_01	0.8904	8
DC	HALLMARK_MYC_TARGETS_V1	Mutter_01	0.9658	8
DC	HALLMARK_MYOGENESIS	Mutter_01	0.9907	8
DC	HALLMARK_NOTCH_SIGNALING	Mutter_01	0.9915	8
DC	HALLMARK_P53_PATHWAY	Mutter_01	0.9565	8
DC	HALLMARK_PEROXISOME	Mutter_01	0.9761	8
DC	HALLMARK_PI3K_AKT_MTOR_SIGNALING	Mutter_01	0.9875	8
DC	HALLMARK_PROTEIN_SECRETION	Mutter_01	0.9403	8
DC	HALLMARK_REACTIVE_OXYGEN_SPECIES_PATHWAY	Mutter_01	0.9858	8
DC	HALLMARK_SPERMATOGENESIS	Mutter_01	0.9513	8
DC	HALLMARK_TNFA_SIGNALING_VIA_NFKB	Mutter_01	0.9797	8
DC	HALLMARK_UNFOLDED_PROTEIN_RESPONSE	Mutter_01	0.9791	8
DC	HALLMARK_UV_RESPONSE_DN	Mutter_01	0.9951	8
DC	HALLMARK_UV_RESPONSE_UP	Mutter_01	0.9869	8
DC	HALLMARK_WNT_BETA_CATENIN_SIGNALING	Mutter_01	0.9955	8
DC	HALLMARK_XENOBIOTIC_METABOLISM	Mutter_01	0.9786	8
DC	Hypoxia	Mutter_01	0.9219	8
DC	SASP	Mutter_01	0.9643	8
DC	Stromal_stress_senescence	Mutter_01	0.9719	8
DC	TypeII_interferon	Mutter_01	0.973	8
DC	TypeI_interferon	Mutter_01	0.9791	8
Endothelial	Angiogenesis	Mutter_01	0.9984	8
Endothelial	DNA_Damage_Repair	Mutter_01	0.895	8
Endothelial	Fibrosis_remodeling	Mutter_01	0.9987	8
Endothelial	HALLMARK_ADIPOGENESIS	Mutter_01	0.9979	8
Endothelial	HALLMARK_ALLOGRAFT_REJECTION	Mutter_01	0.9987	8
Endothelial	HALLMARK_ANDROGEN_RESPONSE	Mutter_01	0.9506	8
Endothelial	HALLMARK_ANGIOGENESIS	Mutter_01	0.8529	8
Endothelial	HALLMARK_APICAL_JUNCTION	Mutter_01	0.7687	8
Endothelial	HALLMARK_APICAL_SURFACE	Mutter_01	0.8135	8
Endothelial	HALLMARK_APOPTOSIS	Mutter_01	0.9878	8
Endothelial	HALLMARK_BILE_ACID_METABOLISM	Mutter_01	0.7992	8
Endothelial	HALLMARK_CHOLESTEROL_HOMEOSTASIS	Mutter_01	0.1149	8
Endothelial	HALLMARK_COAGULATION	Mutter_01	0.9564	8
Endothelial	HALLMARK_COMPLEMENT	Mutter_01	0.9529	8
Endothelial	HALLMARK_DNA_REPAIR	Mutter_01	0.5035	8
Endothelial	HALLMARK_E2F_TARGETS	Mutter_01	0.8726	8
Endothelial	HALLMARK_EPITHELIAL_MESENCHYMAL_TRANSITION;HALLMARK_TGF_BETA_SIGNALING	Mutter_01	0.9995	8
Endothelial	HALLMARK_ESTROGEN_RESPONSE_EARLY	Mutter_01	0.9215	8
Endothelial	HALLMARK_ESTROGEN_RESPONSE_LATE	Mutter_01	0.7189	8
Endothelial	HALLMARK_FATTY_ACID_METABOLISM	Mutter_01	0.9836	8
Endothelial	HALLMARK_G2M_CHECKPOINT	Mutter_01	0.5743	8
Endothelial	HALLMARK_GLYCOLYSIS	Mutter_01	0.9374	8
Endothelial	HALLMARK_HEDGEHOG_SIGNALING	Mutter_01	0.9931	8
Endothelial	HALLMARK_HEME_METABOLISM	Mutter_01	0.5883	8
Endothelial	HALLMARK_HYPOXIA	Mutter_01	0.8843	8
Endothelial	HALLMARK_IL2_STAT5_SIGNALING	Mutter_01	0.9895	8
Endothelial	HALLMARK_IL6_JAK_STAT3_SIGNALING	Mutter_01	0.9888	8
Endothelial	HALLMARK_INFLAMMATORY_RESPONSE	Mutter_01	0.9906	8
Endothelial	HALLMARK_INTERFERON_ALPHA_RESPONSE	Mutter_01	0.7964	8
Endothelial	HALLMARK_INTERFERON_GAMMA_RESPONSE	Mutter_01	0.9227	8
Endothelial	HALLMARK_KRAS_SIGNALING_DN	Mutter_01	0.7806	8
Endothelial	HALLMARK_KRAS_SIGNALING_UP	Mutter_01	0.9347	8
Endothelial	HALLMARK_MITOTIC_SPINDLE	Mutter_01	0.9816	8
Endothelial	HALLMARK_MTORC1_SIGNALING	Mutter_01	0.9629	8
Endothelial	HALLMARK_MYC_TARGETS_V1	Mutter_01	0.9191	8
Endothelial	HALLMARK_MYOGENESIS	Mutter_01	0.9981	8
Endothelial	HALLMARK_NOTCH_SIGNALING	Mutter_01	0.9196	8
Endothelial	HALLMARK_P53_PATHWAY	Mutter_01	0.9038	8
Endothelial	HALLMARK_PEROXISOME	Mutter_01	0.9539	8
Endothelial	HALLMARK_PI3K_AKT_MTOR_SIGNALING	Mutter_01	0.9513	8
Endothelial	HALLMARK_PROTEIN_SECRETION	Mutter_01	0.5619	8
Endothelial	HALLMARK_REACTIVE_OXYGEN_SPECIES_PATHWAY	Mutter_01	0.9619	8
Endothelial	HALLMARK_SPERMATOGENESIS	Mutter_01	0.7845	8
Endothelial	HALLMARK_TNFA_SIGNALING_VIA_NFKB	Mutter_01	0.881	8
Endothelial	HALLMARK_UNFOLDED_PROTEIN_RESPONSE	Mutter_01	-0.2083	8
Endothelial	HALLMARK_UV_RESPONSE_DN	Mutter_01	0.9873	8
Endothelial	HALLMARK_UV_RESPONSE_UP	Mutter_01	0.8337	8
Endothelial	HALLMARK_WNT_BETA_CATENIN_SIGNALING	Mutter_01	0.42	8
Endothelial	HALLMARK_XENOBIOTIC_METABOLISM	Mutter_01	0.9869	8
Endothelial	Hypoxia	Mutter_01	0.8015	8
Endothelial	SASP	Mutter_01	0.9944	8
Endothelial	Stromal_stress_senescence	Mutter_01	0.9955	8
Endothelial	TypeII_interferon	Mutter_01	0.8344	8
Endothelial	TypeI_interferon	Mutter_01	0.7537	8
Epithelial cells	Angiogenesis	Mutter_01	0.9861	8
Epithelial cells	DNA_Damage_Repair	Mutter_01	0.963	8
Epithelial cells	Fibrosis_remodeling	Mutter_01	0.979	8
Epithelial cells	HALLMARK_ADIPOGENESIS	Mutter_01	0.9527	8
Epithelial cells	HALLMARK_ALLOGRAFT_REJECTION	Mutter_01	0.9862	8
Epithelial cells	HALLMARK_ANDROGEN_RESPONSE	Mutter_01	0.8917	8
Epithelial cells	HALLMARK_ANGIOGENESIS	Mutter_01	0.9894	8
Epithelial cells	HALLMARK_APICAL_JUNCTION	Mutter_01	0.9355	8
Epithelial cells	HALLMARK_APICAL_SURFACE	Mutter_01	0.9897	8
Epithelial cells	HALLMARK_APOPTOSIS	Mutter_01	0.99	8
Epithelial cells	HALLMARK_BILE_ACID_METABOLISM	Mutter_01	0.9786	8
Epithelial cells	HALLMARK_CHOLESTEROL_HOMEOSTASIS	Mutter_01	0.9248	8
Epithelial cells	HALLMARK_COAGULATION	Mutter_01	0.9556	8
Epithelial cells	HALLMARK_COMPLEMENT	Mutter_01	0.99	8
Epithelial cells	HALLMARK_DNA_REPAIR	Mutter_01	0.9907	8
Epithelial cells	HALLMARK_E2F_TARGETS	Mutter_01	0.9493	8
Epithelial cells	HALLMARK_EPITHELIAL_MESENCHYMAL_TRANSITION;HALLMARK_TGF_BETA_SIGNALING	Mutter_01	0.9881	8
Epithelial cells	HALLMARK_ESTROGEN_RESPONSE_EARLY	Mutter_01	0.993	8
Epithelial cells	HALLMARK_ESTROGEN_RESPONSE_LATE	Mutter_01	0.9887	8
Epithelial cells	HALLMARK_FATTY_ACID_METABOLISM	Mutter_01	0.9148	8
Epithelial cells	HALLMARK_G2M_CHECKPOINT	Mutter_01	0.9827	8
Epithelial cells	HALLMARK_GLYCOLYSIS	Mutter_01	0.9586	8
Epithelial cells	HALLMARK_HEDGEHOG_SIGNALING	Mutter_01	0.9719	8
Epithelial cells	HALLMARK_HEME_METABOLISM	Mutter_01	0.9823	8
Epithelial cells	HALLMARK_HYPOXIA	Mutter_01	0.9925	8
Epithelial cells	HALLMARK_IL2_STAT5_SIGNALING	Mutter_01	0.9921	8
Epithelial cells	HALLMARK_IL6_JAK_STAT3_SIGNALING	Mutter_01	0.9739	8
Epithelial cells	HALLMARK_INFLAMMATORY_RESPONSE	Mutter_01	0.9941	8
Epithelial cells	HALLMARK_INTERFERON_ALPHA_RESPONSE	Mutter_01	0.8432	8
Epithelial cells	HALLMARK_INTERFERON_GAMMA_RESPONSE	Mutter_01	0.9845	8
Epithelial cells	HALLMARK_KRAS_SIGNALING_DN	Mutter_01	0.9409	8
Epithelial cells	HALLMARK_KRAS_SIGNALING_UP	Mutter_01	0.9664	8
Epithelial cells	HALLMARK_MITOTIC_SPINDLE	Mutter_01	0.9643	8
Epithelial cells	HALLMARK_MTORC1_SIGNALING	Mutter_01	0.8709	8
Epithelial cells	HALLMARK_MYC_TARGETS_V1	Mutter_01	0.7172	8
Epithelial cells	HALLMARK_MYOGENESIS	Mutter_01	0.984	8
Epithelial cells	HALLMARK_NOTCH_SIGNALING	Mutter_01	0.9562	8
Epithelial cells	HALLMARK_P53_PATHWAY	Mutter_01	0.985	8
Epithelial cells	HALLMARK_PEROXISOME	Mutter_01	0.9692	8
Epithelial cells	HALLMARK_PI3K_AKT_MTOR_SIGNALING	Mutter_01	0.942	8
Epithelial cells	HALLMARK_PROTEIN_SECRETION	Mutter_01	0.9736	8
Epithelial cells	HALLMARK_REACTIVE_OXYGEN_SPECIES_PATHWAY	Mutter_01	0.9939	8
Epithelial cells	HALLMARK_SPERMATOGENESIS	Mutter_01	0.9566	8
Epithelial cells	HALLMARK_TNFA_SIGNALING_VIA_NFKB	Mutter_01	0.9819	8
Epithelial cells	HALLMARK_UNFOLDED_PROTEIN_RESPONSE	Mutter_01	0.8355	8
Epithelial cells	HALLMARK_UV_RESPONSE_DN	Mutter_01	0.9652	8
Epithelial cells	HALLMARK_UV_RESPONSE_UP	Mutter_01	0.9655	8
Epithelial cells	HALLMARK_WNT_BETA_CATENIN_SIGNALING	Mutter_01	0.9755	8
Epithelial cells	HALLMARK_XENOBIOTIC_METABOLISM	Mutter_01	0.938	8
Epithelial cells	Hypoxia	Mutter_01	0.962	8
Epithelial cells	SASP	Mutter_01	0.8743	8
Epithelial cells	Stromal_stress_senescence	Mutter_01	0.9651	8
Epithelial cells	TypeII_interferon	Mutter_01	0.8415	8
Epithelial cells	TypeI_interferon	Mutter_01	0.9352	8
Fibroblast	Angiogenesis	Mutter_01	0.7949	8
Fibroblast	DNA_Damage_Repair	Mutter_01	0.9616	8
Fibroblast	Fibrosis_remodeling	Mutter_01	0.9973	8
Fibroblast	HALLMARK_ADIPOGENESIS	Mutter_01	0.9569	8
Fibroblast	HALLMARK_ALLOGRAFT_REJECTION	Mutter_01	0.9984	8
Fibroblast	HALLMARK_ANDROGEN_RESPONSE	Mutter_01	0.9386	8
Fibroblast	HALLMARK_ANGIOGENESIS	Mutter_01	0.9875	8
Fibroblast	HALLMARK_APICAL_JUNCTION	Mutter_01	0.9818	8
Fibroblast	HALLMARK_APICAL_SURFACE	Mutter_01	0.6392	8
Fibroblast	HALLMARK_APOPTOSIS	Mutter_01	0.9981	8
Fibroblast	HALLMARK_BILE_ACID_METABOLISM	Mutter_01	0.8075	8
Fibroblast	HALLMARK_CHOLESTEROL_HOMEOSTASIS	Mutter_01	0.6861	8
Fibroblast	HALLMARK_COAGULATION	Mutter_01	0.9338	8
Fibroblast	HALLMARK_COMPLEMENT	Mutter_01	0.8084	8
Fibroblast	HALLMARK_DNA_REPAIR	Mutter_01	0.5755	8
Fibroblast	HALLMARK_E2F_TARGETS	Mutter_01	0.8404	8
Fibroblast	HALLMARK_EPITHELIAL_MESENCHYMAL_TRANSITION;HALLMARK_TGF_BETA_SIGNALING	Mutter_01	0.9934	8
Fibroblast	HALLMARK_ESTROGEN_RESPONSE_EARLY	Mutter_01	0.9922	8
Fibroblast	HALLMARK_ESTROGEN_RESPONSE_LATE	Mutter_01	0.9014	8
Fibroblast	HALLMARK_FATTY_ACID_METABOLISM	Mutter_01	0.9946	8
Fibroblast	HALLMARK_G2M_CHECKPOINT	Mutter_01	0.6995	8
Fibroblast	HALLMARK_GLYCOLYSIS	Mutter_01	0.9419	8
Fibroblast	HALLMARK_HEDGEHOG_SIGNALING	Mutter_01	0.8226	8
Fibroblast	HALLMARK_HEME_METABOLISM	Mutter_01	0.6141	8
Fibroblast	HALLMARK_HYPOXIA	Mutter_01	0.9205	8
Fibroblast	HALLMARK_IL2_STAT5_SIGNALING	Mutter_01	0.9898	8
Fibroblast	HALLMARK_IL6_JAK_STAT3_SIGNALING	Mutter_01	0.9958	8
Fibroblast	HALLMARK_INFLAMMATORY_RESPONSE	Mutter_01	0.9708	8
Fibroblast	HALLMARK_INTERFERON_ALPHA_RESPONSE	Mutter_01	0.736	8
Fibroblast	HALLMARK_INTERFERON_GAMMA_RESPONSE	Mutter_01	0.9153	8
Fibroblast	HALLMARK_KRAS_SIGNALING_DN	Mutter_01	0.4844	8
Fibroblast	HALLMARK_KRAS_SIGNALING_UP	Mutter_01	0.9527	8
Fibroblast	HALLMARK_MITOTIC_SPINDLE	Mutter_01	0.9959	8
Fibroblast	HALLMARK_MTORC1_SIGNALING	Mutter_01	0.9423	8
Fibroblast	HALLMARK_MYC_TARGETS_V1	Mutter_01	0.9297	8
Fibroblast	HALLMARK_MYOGENESIS	Mutter_01	0.9798	8
Fibroblast	HALLMARK_NOTCH_SIGNALING	Mutter_01	0.9761	8
Fibroblast	HALLMARK_P53_PATHWAY	Mutter_01	0.9688	8
Fibroblast	HALLMARK_PEROXISOME	Mutter_01	0.9816	8
Fibroblast	HALLMARK_PI3K_AKT_MTOR_SIGNALING	Mutter_01	0.0476	8
Fibroblast	HALLMARK_PROTEIN_SECRETION	Mutter_01	0.9113	8
Fibroblast	HALLMARK_REACTIVE_OXYGEN_SPECIES_PATHWAY	Mutter_01	0.9921	8
Fibroblast	HALLMARK_SPERMATOGENESIS	Mutter_01	0.9474	8
Fibroblast	HALLMARK_TNFA_SIGNALING_VIA_NFKB	Mutter_01	0.8054	8
Fibroblast	HALLMARK_UNFOLDED_PROTEIN_RESPONSE	Mutter_01	-0.3194	8
Fibroblast	HALLMARK_UV_RESPONSE_DN	Mutter_01	0.9536	8
Fibroblast	HALLMARK_UV_RESPONSE_UP	Mutter_01	0.7661	8
Fibroblast	HALLMARK_WNT_BETA_CATENIN_SIGNALING	Mutter_01	-0.12	8
Fibroblast	HALLMARK_XENOBIOTIC_METABOLISM	Mutter_01	0.9685	8
Fibroblast	Hypoxia	Mutter_01	0.8803	8
Fibroblast	SASP	Mutter_01	0.6629	8
Fibroblast	Stromal_stress_senescence	Mutter_01	0.9888	8
Fibroblast	TypeII_interferon	Mutter_01	0.9024	8
Fibroblast	TypeI_interferon	Mutter_01	0.8829	8
ILC	Angiogenesis	Mutter_01	0.9186	8
ILC	DNA_Damage_Repair	Mutter_01	0.9512	8
ILC	Fibrosis_remodeling	Mutter_01	0.9994	8
ILC	HALLMARK_ADIPOGENESIS	Mutter_01	0.9581	8
ILC	HALLMARK_ALLOGRAFT_REJECTION	Mutter_01	0.9974	8
ILC	HALLMARK_ANDROGEN_RESPONSE	Mutter_01	0.8961	8
ILC	HALLMARK_ANGIOGENESIS	Mutter_01	0.9964	8
ILC	HALLMARK_APICAL_JUNCTION	Mutter_01	0.8549	8
ILC	HALLMARK_APICAL_SURFACE	Mutter_01	0.8402	8
ILC	HALLMARK_APOPTOSIS	Mutter_01	0.9404	8
ILC	HALLMARK_BILE_ACID_METABOLISM	Mutter_01	0.8655	8
ILC	HALLMARK_CHOLESTEROL_HOMEOSTASIS	Mutter_01	0.5812	8
ILC	HALLMARK_COAGULATION	Mutter_01	0.6193	8
ILC	HALLMARK_COMPLEMENT	Mutter_01	0.9849	8
ILC	HALLMARK_DNA_REPAIR	Mutter_01	0.7283	8
ILC	HALLMARK_E2F_TARGETS	Mutter_01	0.9662	8
ILC	HALLMARK_EPITHELIAL_MESENCHYMAL_TRANSITION;HALLMARK_TGF_BETA_SIGNALING	Mutter_01	0.9989	8
ILC	HALLMARK_ESTROGEN_RESPONSE_EARLY	Mutter_01	0.9847	8
ILC	HALLMARK_ESTROGEN_RESPONSE_LATE	Mutter_01	0.9318	8
ILC	HALLMARK_FATTY_ACID_METABOLISM	Mutter_01	0.9929	8
ILC	HALLMARK_G2M_CHECKPOINT	Mutter_01	0.9344	8
ILC	HALLMARK_GLYCOLYSIS	Mutter_01	0.8966	8
ILC	HALLMARK_HEDGEHOG_SIGNALING	Mutter_01	0.8076	8
ILC	HALLMARK_HEME_METABOLISM	Mutter_01	0.5628	8
ILC	HALLMARK_HYPOXIA	Mutter_01	0.8304	8
ILC	HALLMARK_IL2_STAT5_SIGNALING	Mutter_01	0.9877	8
ILC	HALLMARK_IL6_JAK_STAT3_SIGNALING	Mutter_01	0.9944	8
ILC	HALLMARK_INFLAMMATORY_RESPONSE	Mutter_01	0.9891	8
ILC	HALLMARK_INTERFERON_ALPHA_RESPONSE	Mutter_01	0.8014	8
ILC	HALLMARK_INTERFERON_GAMMA_RESPONSE	Mutter_01	0.9717	8
ILC	HALLMARK_KRAS_SIGNALING_DN	Mutter_01	0.9312	8
ILC	HALLMARK_KRAS_SIGNALING_UP	Mutter_01	0.8659	8
ILC	HALLMARK_MITOTIC_SPINDLE	Mutter_01	0.9752	8
ILC	HALLMARK_MTORC1_SIGNALING	Mutter_01	0.9299	8
ILC	HALLMARK_MYC_TARGETS_V1	Mutter_01	0.9573	8
ILC	HALLMARK_MYOGENESIS	Mutter_01	0.9958	8
ILC	HALLMARK_NOTCH_SIGNALING	Mutter_01	0.9877	8
ILC	HALLMARK_P53_PATHWAY	Mutter_01	0.4936	8
ILC	HALLMARK_PEROXISOME	Mutter_01	0.9938	8
ILC	HALLMARK_PI3K_AKT_MTOR_SIGNALING	Mutter_01	0.9364	8
ILC	HALLMARK_PROTEIN_SECRETION	Mutter_01	0.0946	8
ILC	HALLMARK_REACTIVE_OXYGEN_SPECIES_PATHWAY	Mutter_01	0.9944	8
ILC	HALLMARK_SPERMATOGENESIS	Mutter_01	0.7762	8
ILC	HALLMARK_TNFA_SIGNALING_VIA_NFKB	Mutter_01	0.9712	8
ILC	HALLMARK_UNFOLDED_PROTEIN_RESPONSE	Mutter_01	0.2745	8
ILC	HALLMARK_UV_RESPONSE_DN	Mutter_01	0.9947	8
ILC	HALLMARK_UV_RESPONSE_UP	Mutter_01	0.7223	8
ILC	HALLMARK_WNT_BETA_CATENIN_SIGNALING	Mutter_01	0.7845	8
ILC	HALLMARK_XENOBIOTIC_METABOLISM	Mutter_01	0.9933	8
ILC	Hypoxia	Mutter_01	0.9547	8
ILC	SASP	Mutter_01	0.9128	8
ILC	Stromal_stress_senescence	Mutter_01	0.9829	8
ILC	TypeII_interferon	Mutter_01	0.8779	8
ILC	TypeI_interferon	Mutter_01	0.8667	8
Macrophages	Angiogenesis	Mutter_01	0.9173	8
Macrophages	DNA_Damage_Repair	Mutter_01	0.8276	8
Macrophages	Fibrosis_remodeling	Mutter_01	0.9968	8
Macrophages	HALLMARK_ADIPOGENESIS	Mutter_01	0.9969	8
Macrophages	HALLMARK_ALLOGRAFT_REJECTION	Mutter_01	0.999	8
Macrophages	HALLMARK_ANDROGEN_RESPONSE	Mutter_01	0.9599	8
Macrophages	HALLMARK_ANGIOGENESIS	Mutter_01	0.9978	8
Macrophages	HALLMARK_APICAL_JUNCTION	Mutter_01	0.4926	8
Macrophages	HALLMARK_APICAL_SURFACE	Mutter_01	0.8358	8
Macrophages	HALLMARK_APOPTOSIS	Mutter_01	0.9463	8
Macrophages	HALLMARK_BILE_ACID_METABOLISM	Mutter_01	0.9424	8
Macrophages	HALLMARK_CHOLESTEROL_HOMEOSTASIS	Mutter_01	0.8093	8
Macrophages	HALLMARK_COAGULATION	Mutter_01	0.9809	8
Macrophages	HALLMARK_COMPLEMENT	Mutter_01	0.9942	8
Macrophages	HALLMARK_DNA_REPAIR	Mutter_01	0.9329	8
Macrophages	HALLMARK_E2F_TARGETS	Mutter_01	0.9352	8
Macrophages	HALLMARK_EPITHELIAL_MESENCHYMAL_TRANSITION;HALLMARK_TGF_BETA_SIGNALING	Mutter_01	0.9992	8
Macrophages	HALLMARK_ESTROGEN_RESPONSE_EARLY	Mutter_01	0.9963	8
Macrophages	HALLMARK_ESTROGEN_RESPONSE_LATE	Mutter_01	0.987	8
Macrophages	HALLMARK_FATTY_ACID_METABOLISM	Mutter_01	0.8932	8
Macrophages	HALLMARK_G2M_CHECKPOINT	Mutter_01	0.9577	8
Macrophages	HALLMARK_GLYCOLYSIS	Mutter_01	0.5225	8
Macrophages	HALLMARK_HEDGEHOG_SIGNALING	Mutter_01	0.9532	8
Macrophages	HALLMARK_HEME_METABOLISM	Mutter_01	0.8668	8
Macrophages	HALLMARK_HYPOXIA	Mutter_01	0.9017	8
Macrophages	HALLMARK_IL2_STAT5_SIGNALING	Mutter_01	0.9616	8
Macrophages	HALLMARK_IL6_JAK_STAT3_SIGNALING	Mutter_01	0.9931	8
Macrophages	HALLMARK_INFLAMMATORY_RESPONSE	Mutter_01	0.9922	8
Macrophages	HALLMARK_INTERFERON_ALPHA_RESPONSE	Mutter_01	0.9077	8
Macrophages	HALLMARK_INTERFERON_GAMMA_RESPONSE	Mutter_01	0.9768	8
Macrophages	HALLMARK_KRAS_SIGNALING_DN	Mutter_01	-0.3526	8
Macrophages	HALLMARK_KRAS_SIGNALING_UP	Mutter_01	0.9682	8
Macrophages	HALLMARK_MITOTIC_SPINDLE	Mutter_01	0.9856	8
Macrophages	HALLMARK_MTORC1_SIGNALING	Mutter_01	0.8935	8
Macrophages	HALLMARK_MYC_TARGETS_V1	Mutter_01	0.6655	8
Macrophages	HALLMARK_MYOGENESIS	Mutter_01	0.9917	8
Macrophages	HALLMARK_NOTCH_SIGNALING	Mutter_01	0.9958	8
Macrophages	HALLMARK_P53_PATHWAY	Mutter_01	0.7755	8
Macrophages	HALLMARK_PEROXISOME	Mutter_01	0.9663	8
Macrophages	HALLMARK_PI3K_AKT_MTOR_SIGNALING	Mutter_01	0.8955	8
Macrophages	HALLMARK_PROTEIN_SECRETION	Mutter_01	0.135	8
Macrophages	HALLMARK_REACTIVE_OXYGEN_SPECIES_PATHWAY	Mutter_01	0.9156	8
Macrophages	HALLMARK_SPERMATOGENESIS	Mutter_01	0.9707	8
Macrophages	HALLMARK_TNFA_SIGNALING_VIA_NFKB	Mutter_01	0.9718	8
Macrophages	HALLMARK_UNFOLDED_PROTEIN_RESPONSE	Mutter_01	0.0309	8
Macrophages	HALLMARK_UV_RESPONSE_DN	Mutter_01	0.9883	8
Macrophages	HALLMARK_UV_RESPONSE_UP	Mutter_01	0.4603	8
Macrophages	HALLMARK_WNT_BETA_CATENIN_SIGNALING	Mutter_01	0.9517	8
Macrophages	HALLMARK_XENOBIOTIC_METABOLISM	Mutter_01	0.9932	8
Macrophages	Hypoxia	Mutter_01	0.8905	8
Macrophages	SASP	Mutter_01	0.9491	8
Macrophages	Stromal_stress_senescence	Mutter_01	0.9561	8
Macrophages	TypeII_interferon	Mutter_01	0.954	8
Macrophages	TypeI_interferon	Mutter_01	0.9513	8
Mast cells	Angiogenesis	Mutter_01	0.979	8
Mast cells	DNA_Damage_Repair	Mutter_01	0.9768	8
Mast cells	Fibrosis_remodeling	Mutter_01	0.9895	8
Mast cells	HALLMARK_ADIPOGENESIS	Mutter_01	0.8633	8
Mast cells	HALLMARK_ALLOGRAFT_REJECTION	Mutter_01	0.9986	8
Mast cells	HALLMARK_ANDROGEN_RESPONSE	Mutter_01	0.9437	8
Mast cells	HALLMARK_ANGIOGENESIS	Mutter_01	0.9844	8
Mast cells	HALLMARK_APICAL_JUNCTION	Mutter_01	0.9404	8
Mast cells	HALLMARK_APICAL_SURFACE	Mutter_01	0.9878	8
Mast cells	HALLMARK_APOPTOSIS	Mutter_01	0.9917	8
Mast cells	HALLMARK_BILE_ACID_METABOLISM	Mutter_01	0.9072	8
Mast cells	HALLMARK_CHOLESTEROL_HOMEOSTASIS	Mutter_01	0.9319	8
Mast cells	HALLMARK_COAGULATION	Mutter_01	0.9333	8
Mast cells	HALLMARK_COMPLEMENT	Mutter_01	0.9806	8
Mast cells	HALLMARK_DNA_REPAIR	Mutter_01	0.9935	8
Mast cells	HALLMARK_E2F_TARGETS	Mutter_01	0.9699	8
Mast cells	HALLMARK_EPITHELIAL_MESENCHYMAL_TRANSITION;HALLMARK_TGF_BETA_SIGNALING	Mutter_01	0.9927	8
Mast cells	HALLMARK_ESTROGEN_RESPONSE_EARLY	Mutter_01	0.984	8
Mast cells	HALLMARK_ESTROGEN_RESPONSE_LATE	Mutter_01	0.9872	8
Mast cells	HALLMARK_FATTY_ACID_METABOLISM	Mutter_01	0.9641	8
Mast cells	HALLMARK_G2M_CHECKPOINT	Mutter_01	0.9077	8
Mast cells	HALLMARK_GLYCOLYSIS	Mutter_01	0.9705	8
Mast cells	HALLMARK_HEDGEHOG_SIGNALING	Mutter_01	0.9715	8
Mast cells	HALLMARK_HEME_METABOLISM	Mutter_01	0.9318	8
Mast cells	HALLMARK_HYPOXIA	Mutter_01	0.9871	8
Mast cells	HALLMARK_IL2_STAT5_SIGNALING	Mutter_01	0.9543	8
Mast cells	HALLMARK_IL6_JAK_STAT3_SIGNALING	Mutter_01	0.9824	8
Mast cells	HALLMARK_INFLAMMATORY_RESPONSE	Mutter_01	0.9567	8
Mast cells	HALLMARK_INTERFERON_ALPHA_RESPONSE	Mutter_01	0.8807	8
Mast cells	HALLMARK_INTERFERON_GAMMA_RESPONSE	Mutter_01	0.9823	8
Mast cells	HALLMARK_KRAS_SIGNALING_DN	Mutter_01	0.9407	8
Mast cells	HALLMARK_KRAS_SIGNALING_UP	Mutter_01	0.9745	8
Mast cells	HALLMARK_MITOTIC_SPINDLE	Mutter_01	0.9872	8
Mast cells	HALLMARK_MTORC1_SIGNALING	Mutter_01	0.9429	8
Mast cells	HALLMARK_MYC_TARGETS_V1	Mutter_01	0.9383	8
Mast cells	HALLMARK_MYOGENESIS	Mutter_01	0.9915	8
Mast cells	HALLMARK_NOTCH_SIGNALING	Mutter_01	0.9851	8
Mast cells	HALLMARK_P53_PATHWAY	Mutter_01	0.939	8
Mast cells	HALLMARK_PEROXISOME	Mutter_01	0.9841	8
Mast cells	HALLMARK_PI3K_AKT_MTOR_SIGNALING	Mutter_01	0.8347	8
Mast cells	HALLMARK_PROTEIN_SECRETION	Mutter_01	0.9723	8
Mast cells	HALLMARK_REACTIVE_OXYGEN_SPECIES_PATHWAY	Mutter_01	0.9975	8
Mast cells	HALLMARK_SPERMATOGENESIS	Mutter_01	0.9465	8
Mast cells	HALLMARK_TNFA_SIGNALING_VIA_NFKB	Mutter_01	0.9769	8
Mast cells	HALLMARK_UNFOLDED_PROTEIN_RESPONSE	Mutter_01	0.9305	8
Mast cells	HALLMARK_UV_RESPONSE_DN	Mutter_01	0.9959	8
Mast cells	HALLMARK_UV_RESPONSE_UP	Mutter_01	0.9762	8
Mast cells	HALLMARK_WNT_BETA_CATENIN_SIGNALING	Mutter_01	0.966	8
Mast cells	HALLMARK_XENOBIOTIC_METABOLISM	Mutter_01	0.9688	8
Mast cells	Hypoxia	Mutter_01	0.9776	8
Mast cells	SASP	Mutter_01	0.9775	8
Mast cells	Stromal_stress_senescence	Mutter_01	0.9798	8
Mast cells	TypeII_interferon	Mutter_01	0.9882	8
Mast cells	TypeI_interferon	Mutter_01	0.962	8
NK cells	Angiogenesis	Mutter_01	0.9327	8
NK cells	DNA_Damage_Repair	Mutter_01	0.8902	8
NK cells	Fibrosis_remodeling	Mutter_01	0.9962	8
NK cells	HALLMARK_ADIPOGENESIS	Mutter_01	0.9458	8
NK cells	HALLMARK_ALLOGRAFT_REJECTION	Mutter_01	0.9929	8
NK cells	HALLMARK_ANDROGEN_RESPONSE	Mutter_01	0.9118	8
NK cells	HALLMARK_ANGIOGENESIS	Mutter_01	0.9917	8
NK cells	HALLMARK_APICAL_JUNCTION	Mutter_01	0.8105	8
NK cells	HALLMARK_APICAL_SURFACE	Mutter_01	0.9851	8
NK cells	HALLMARK_APOPTOSIS	Mutter_01	0.9353	8
NK cells	HALLMARK_BILE_ACID_METABOLISM	Mutter_01	0.8835	8
NK cells	HALLMARK_CHOLESTEROL_HOMEOSTASIS	Mutter_01	0.4968	8
NK cells	HALLMARK_COAGULATION	Mutter_01	0.7299	8
NK cells	HALLMARK_COMPLEMENT	Mutter_01	0.9777	8
NK cells	HALLMARK_DNA_REPAIR	Mutter_01	0.394	8
NK cells	HALLMARK_E2F_TARGETS	Mutter_01	0.9174	8
NK cells	HALLMARK_EPITHELIAL_MESENCHYMAL_TRANSITION;HALLMARK_TGF_BETA_SIGNALING	Mutter_01	0.9985	8
NK cells	HALLMARK_ESTROGEN_RESPONSE_EARLY	Mutter_01	0.9856	8
NK cells	HALLMARK_ESTROGEN_RESPONSE_LATE	Mutter_01	0.9641	8
NK cells	HALLMARK_FATTY_ACID_METABOLISM	Mutter_01	0.991	8
NK cells	HALLMARK_G2M_CHECKPOINT	Mutter_01	0.7046	8
NK cells	HALLMARK_GLYCOLYSIS	Mutter_01	0.9057	8
NK cells	HALLMARK_HEDGEHOG_SIGNALING	Mutter_01	0.4745	8
NK cells	HALLMARK_HEME_METABOLISM	Mutter_01	0.3415	8
NK cells	HALLMARK_HYPOXIA	Mutter_01	0.9674	8
NK cells	HALLMARK_IL2_STAT5_SIGNALING	Mutter_01	0.9987	8
NK cells	HALLMARK_IL6_JAK_STAT3_SIGNALING	Mutter_01	0.9981	8
NK cells	HALLMARK_INFLAMMATORY_RESPONSE	Mutter_01	0.9203	8
NK cells	HALLMARK_INTERFERON_ALPHA_RESPONSE	Mutter_01	0.5193	8
NK cells	HALLMARK_INTERFERON_GAMMA_RESPONSE	Mutter_01	0.7209	8
NK cells	HALLMARK_KRAS_SIGNALING_DN	Mutter_01	0.8852	8
NK cells	HALLMARK_KRAS_SIGNALING_UP	Mutter_01	0.8697	8
NK cells	HALLMARK_MITOTIC_SPINDLE	Mutter_01	0.9622	8
NK cells	HALLMARK_MTORC1_SIGNALING	Mutter_01	0.9794	8
NK cells	HALLMARK_MYC_TARGETS_V1	Mutter_01	0.9808	8
NK cells	HALLMARK_MYOGENESIS	Mutter_01	0.9815	8
NK cells	HALLMARK_NOTCH_SIGNALING	Mutter_01	0.929	8
NK cells	HALLMARK_P53_PATHWAY	Mutter_01	0.8848	8
NK cells	HALLMARK_PEROXISOME	Mutter_01	0.9956	8
NK cells	HALLMARK_PI3K_AKT_MTOR_SIGNALING	Mutter_01	0.9591	8
NK cells	HALLMARK_PROTEIN_SECRETION	Mutter_01	0.3257	8
NK cells	HALLMARK_REACTIVE_OXYGEN_SPECIES_PATHWAY	Mutter_01	0.9853	8
NK cells	HALLMARK_SPERMATOGENESIS	Mutter_01	0.9799	8
NK cells	HALLMARK_TNFA_SIGNALING_VIA_NFKB	Mutter_01	0.9746	8
NK cells	HALLMARK_UNFOLDED_PROTEIN_RESPONSE	Mutter_01	0.624	8
NK cells	HALLMARK_UV_RESPONSE_DN	Mutter_01	0.9913	8
NK cells	HALLMARK_UV_RESPONSE_UP	Mutter_01	0.5995	8
NK cells	HALLMARK_WNT_BETA_CATENIN_SIGNALING	Mutter_01	0.8521	8
NK cells	HALLMARK_XENOBIOTIC_METABOLISM	Mutter_01	0.9884	8
NK cells	Hypoxia	Mutter_01	0.9405	8
NK cells	SASP	Mutter_01	0.9568	8
NK cells	Stromal_stress_senescence	Mutter_01	0.9926	8
NK cells	TypeII_interferon	Mutter_01	0.8586	8
NK cells	TypeI_interferon	Mutter_01	0.6964	8
Neutrophils	Angiogenesis	Mutter_01	0.9672	8
Neutrophils	DNA_Damage_Repair	Mutter_01	0.9564	8
Neutrophils	Fibrosis_remodeling	Mutter_01	0.9915	8
Neutrophils	HALLMARK_ADIPOGENESIS	Mutter_01	0.9967	8
Neutrophils	HALLMARK_ALLOGRAFT_REJECTION	Mutter_01	0.9777	8
Neutrophils	HALLMARK_ANDROGEN_RESPONSE	Mutter_01	0.8819	8
Neutrophils	HALLMARK_ANGIOGENESIS	Mutter_01	0.9879	8
Neutrophils	HALLMARK_APICAL_JUNCTION	Mutter_01	0.9652	8
Neutrophils	HALLMARK_APICAL_SURFACE	Mutter_01	0.9885	8
Neutrophils	HALLMARK_APOPTOSIS	Mutter_01	0.9397	8
Neutrophils	HALLMARK_BILE_ACID_METABOLISM	Mutter_01	0.9895	8
Neutrophils	HALLMARK_CHOLESTEROL_HOMEOSTASIS	Mutter_01	0.9364	8
Neutrophils	HALLMARK_COAGULATION	Mutter_01	0.9061	8
Neutrophils	HALLMARK_COMPLEMENT	Mutter_01	0.9551	8
Neutrophils	HALLMARK_DNA_REPAIR	Mutter_01	0.9492	8
Neutrophils	HALLMARK_E2F_TARGETS	Mutter_01	0.9777	8
Neutrophils	HALLMARK_EPITHELIAL_MESENCHYMAL_TRANSITION;HALLMARK_TGF_BETA_SIGNALING	Mutter_01	0.9914	8
Neutrophils	HALLMARK_ESTROGEN_RESPONSE_EARLY	Mutter_01	0.9824	8
Neutrophils	HALLMARK_ESTROGEN_RESPONSE_LATE	Mutter_01	0.9429	8
Neutrophils	HALLMARK_FATTY_ACID_METABOLISM	Mutter_01	0.994	8
Neutrophils	HALLMARK_G2M_CHECKPOINT	Mutter_01	0.9463	8
Neutrophils	HALLMARK_GLYCOLYSIS	Mutter_01	0.9847	8
Neutrophils	HALLMARK_HEDGEHOG_SIGNALING	Mutter_01	0.9869	8
Neutrophils	HALLMARK_HEME_METABOLISM	Mutter_01	0.9722	8
Neutrophils	HALLMARK_HYPOXIA	Mutter_01	0.9824	8
Neutrophils	HALLMARK_IL2_STAT5_SIGNALING	Mutter_01	0.9513	8
Neutrophils	HALLMARK_IL6_JAK_STAT3_SIGNALING	Mutter_01	0.9964	8
Neutrophils	HALLMARK_INFLAMMATORY_RESPONSE	Mutter_01	0.9896	8
Neutrophils	HALLMARK_INTERFERON_ALPHA_RESPONSE	Mutter_01	0.8951	8
Neutrophils	HALLMARK_INTERFERON_GAMMA_RESPONSE	Mutter_01	0.975	8
Neutrophils	HALLMARK_KRAS_SIGNALING_DN	Mutter_01	0.9333	8
Neutrophils	HALLMARK_KRAS_SIGNALING_UP	Mutter_01	0.9557	8
Neutrophils	HALLMARK_MITOTIC_SPINDLE	Mutter_01	0.9466	8
Neutrophils	HALLMARK_MTORC1_SIGNALING	Mutter_01	0.8832	8
Neutrophils	HALLMARK_MYC_TARGETS_V1	Mutter_01	0.5049	8
Neutrophils	HALLMARK_MYOGENESIS	Mutter_01	0.9916	8
Neutrophils	HALLMARK_NOTCH_SIGNALING	Mutter_01	0.9803	8
Neutrophils	HALLMARK_P53_PATHWAY	Mutter_01	0.8442	8
Neutrophils	HALLMARK_PEROXISOME	Mutter_01	0.948	8
Neutrophils	HALLMARK_PI3K_AKT_MTOR_SIGNALING	Mutter_01	0.8588	8
Neutrophils	HALLMARK_PROTEIN_SECRETION	Mutter_01	0.5698	8
Neutrophils	HALLMARK_REACTIVE_OXYGEN_SPECIES_PATHWAY	Mutter_01	0.9966	8
Neutrophils	HALLMARK_SPERMATOGENESIS	Mutter_01	0.9733	8
Neutrophils	HALLMARK_TNFA_SIGNALING_VIA_NFKB	Mutter_01	0.9933	8
Neutrophils	HALLMARK_UNFOLDED_PROTEIN_RESPONSE	Mutter_01	0.9523	8
Neutrophils	HALLMARK_UV_RESPONSE_DN	Mutter_01	0.9777	8
Neutrophils	HALLMARK_UV_RESPONSE_UP	Mutter_01	0.9807	8
Neutrophils	HALLMARK_WNT_BETA_CATENIN_SIGNALING	Mutter_01	0.9969	8
Neutrophils	HALLMARK_XENOBIOTIC_METABOLISM	Mutter_01	0.9783	8
Neutrophils	Hypoxia	Mutter_01	0.9919	8
Neutrophils	SASP	Mutter_01	0.9371	8
Neutrophils	Stromal_stress_senescence	Mutter_01	0.9872	8
Neutrophils	TypeII_interferon	Mutter_01	0.992	8
Neutrophils	TypeI_interferon	Mutter_01	0.9794	8
Plasma cells	Angiogenesis	Mutter_01	0.9764	8
Plasma cells	DNA_Damage_Repair	Mutter_01	0.822	8
Plasma cells	Fibrosis_remodeling	Mutter_01	0.9972	8
Plasma cells	HALLMARK_ADIPOGENESIS	Mutter_01	0.982	8
Plasma cells	HALLMARK_ALLOGRAFT_REJECTION	Mutter_01	0.984	8
Plasma cells	HALLMARK_ANDROGEN_RESPONSE	Mutter_01	0.9914	8
Plasma cells	HALLMARK_ANGIOGENESIS	Mutter_01	0.924	8
Plasma cells	HALLMARK_APICAL_JUNCTION	Mutter_01	0.8386	8
Plasma cells	HALLMARK_APICAL_SURFACE	Mutter_01	0.6894	8
Plasma cells	HALLMARK_APOPTOSIS	Mutter_01	0.8754	8
Plasma cells	HALLMARK_BILE_ACID_METABOLISM	Mutter_01	0.9829	8
Plasma cells	HALLMARK_CHOLESTEROL_HOMEOSTASIS	Mutter_01	0.4967	8
Plasma cells	HALLMARK_COAGULATION	Mutter_01	0.9011	8
Plasma cells	HALLMARK_COMPLEMENT	Mutter_01	0.9782	8
Plasma cells	HALLMARK_DNA_REPAIR	Mutter_01	0.9875	8
Plasma cells	HALLMARK_E2F_TARGETS	Mutter_01	0.9753	8
Plasma cells	HALLMARK_EPITHELIAL_MESENCHYMAL_TRANSITION;HALLMARK_TGF_BETA_SIGNALING	Mutter_01	0.9908	8
Plasma cells	HALLMARK_ESTROGEN_RESPONSE_EARLY	Mutter_01	0.996	8
Plasma cells	HALLMARK_ESTROGEN_RESPONSE_LATE	Mutter_01	0.9611	8
Plasma cells	HALLMARK_FATTY_ACID_METABOLISM	Mutter_01	0.8251	8
Plasma cells	HALLMARK_G2M_CHECKPOINT	Mutter_01	0.9721	8
Plasma cells	HALLMARK_GLYCOLYSIS	Mutter_01	0.6928	8
Plasma cells	HALLMARK_HEDGEHOG_SIGNALING	Mutter_01	0.9677	8
Plasma cells	HALLMARK_HEME_METABOLISM	Mutter_01	0.9833	8
Plasma cells	HALLMARK_HYPOXIA	Mutter_01	0.9353	8
Plasma cells	HALLMARK_IL2_STAT5_SIGNALING	Mutter_01	0.9874	8
Plasma cells	HALLMARK_IL6_JAK_STAT3_SIGNALING	Mutter_01	0.9693	8
Plasma cells	HALLMARK_INFLAMMATORY_RESPONSE	Mutter_01	0.9963	8
Plasma cells	HALLMARK_INTERFERON_ALPHA_RESPONSE	Mutter_01	0.9627	8
Plasma cells	HALLMARK_INTERFERON_GAMMA_RESPONSE	Mutter_01	0.9409	8
Plasma cells	HALLMARK_KRAS_SIGNALING_DN	Mutter_01	0.6232	8
Plasma cells	HALLMARK_KRAS_SIGNALING_UP	Mutter_01	0.9343	8
Plasma cells	HALLMARK_MITOTIC_SPINDLE	Mutter_01	0.9605	8
Plasma cells	HALLMARK_MTORC1_SIGNALING	Mutter_01	0.9018	8
Plasma cells	HALLMARK_MYC_TARGETS_V1	Mutter_01	0.8912	8
Plasma cells	HALLMARK_MYOGENESIS	Mutter_01	0.9838	8
Plasma cells	HALLMARK_NOTCH_SIGNALING	Mutter_01	0.9215	8
Plasma cells	HALLMARK_P53_PATHWAY	Mutter_01	0.9977	8
Plasma cells	HALLMARK_PEROXISOME	Mutter_01	0.9587	8
Plasma cells	HALLMARK_PI3K_AKT_MTOR_SIGNALING	Mutter_01	0.9111	8
Plasma cells	HALLMARK_PROTEIN_SECRETION	Mutter_01	0.8443	8
Plasma cells	HALLMARK_REACTIVE_OXYGEN_SPECIES_PATHWAY	Mutter_01	0.9718	8
Plasma cells	HALLMARK_SPERMATOGENESIS	Mutter_01	0.5318	8
Plasma cells	HALLMARK_TNFA_SIGNALING_VIA_NFKB	Mutter_01	0.9569	8
Plasma cells	HALLMARK_UNFOLDED_PROTEIN_RESPONSE	Mutter_01	0.9651	8
Plasma cells	HALLMARK_UV_RESPONSE_DN	Mutter_01	0.9773	8
Plasma cells	HALLMARK_UV_RESPONSE_UP	Mutter_01	0.9894	8
Plasma cells	HALLMARK_WNT_BETA_CATENIN_SIGNALING	Mutter_01	0.9082	8
Plasma cells	HALLMARK_XENOBIOTIC_METABOLISM	Mutter_01	0.9892	8
Plasma cells	Hypoxia	Mutter_01	0.8227	8
Plasma cells	SASP	Mutter_01	0.9828	8
Plasma cells	Stromal_stress_senescence	Mutter_01	0.8302	8
Plasma cells	TypeII_interferon	Mutter_01	0.9901	8
Plasma cells	TypeI_interferon	Mutter_01	0.9523	8
SmoothMuscle	Angiogenesis	Mutter_01	0.9823	8
SmoothMuscle	DNA_Damage_Repair	Mutter_01	0.8206	8
SmoothMuscle	Fibrosis_remodeling	Mutter_01	0.9923	8
SmoothMuscle	HALLMARK_ADIPOGENESIS	Mutter_01	0.9792	8
SmoothMuscle	HALLMARK_ALLOGRAFT_REJECTION	Mutter_01	0.9995	8
SmoothMuscle	HALLMARK_ANDROGEN_RESPONSE	Mutter_01	0.8859	8
SmoothMuscle	HALLMARK_ANGIOGENESIS	Mutter_01	0.9823	8
SmoothMuscle	HALLMARK_APICAL_JUNCTION	Mutter_01	0.9848	8
SmoothMuscle	HALLMARK_APICAL_SURFACE	Mutter_01	0.9909	8
SmoothMuscle	HALLMARK_APOPTOSIS	Mutter_01	0.974	8
SmoothMuscle	HALLMARK_BILE_ACID_METABOLISM	Mutter_01	0.9593	8
SmoothMuscle	HALLMARK_CHOLESTEROL_HOMEOSTASIS	Mutter_01	0.8825	8
SmoothMuscle	HALLMARK_COAGULATION	Mutter_01	0.962	8
SmoothMuscle	HALLMARK_COMPLEMENT	Mutter_01	0.8903	8
SmoothMuscle	HALLMARK_DNA_REPAIR	Mutter_01	0.9225	8
SmoothMuscle	HALLMARK_E2F_TARGETS	Mutter_01	0.9029	8
SmoothMuscle	HALLMARK_EPITHELIAL_MESENCHYMAL_TRANSITION;HALLMARK_TGF_BETA_SIGNALING	Mutter_01	0.9959	8
SmoothMuscle	HALLMARK_ESTROGEN_RESPONSE_EARLY	Mutter_01	0.9942	8
SmoothMuscle	HALLMARK_ESTROGEN_RESPONSE_LATE	Mutter_01	0.9904	8
SmoothMuscle	HALLMARK_FATTY_ACID_METABOLISM	Mutter_01	0.989	8
SmoothMuscle	HALLMARK_G2M_CHECKPOINT	Mutter_01	0.9282	8
SmoothMuscle	HALLMARK_GLYCOLYSIS	Mutter_01	0.9222	8
SmoothMuscle	HALLMARK_HEDGEHOG_SIGNALING	Mutter_01	0.8639	8
SmoothMuscle	HALLMARK_HEME_METABOLISM	Mutter_01	0.9663	8
SmoothMuscle	HALLMARK_HYPOXIA	Mutter_01	0.9936	8
SmoothMuscle	HALLMARK_IL2_STAT5_SIGNALING	Mutter_01	0.9978	8
SmoothMuscle	HALLMARK_IL6_JAK_STAT3_SIGNALING	Mutter_01	0.9921	8
SmoothMuscle	HALLMARK_INFLAMMATORY_RESPONSE	Mutter_01	0.991	8
SmoothMuscle	HALLMARK_INTERFERON_ALPHA_RESPONSE	Mutter_01	0.9478	8
SmoothMuscle	HALLMARK_INTERFERON_GAMMA_RESPONSE	Mutter_01	0.9824	8
SmoothMuscle	HALLMARK_KRAS_SIGNALING_DN	Mutter_01	0.5118	8
SmoothMuscle	HALLMARK_KRAS_SIGNALING_UP	Mutter_01	0.9977	8
SmoothMuscle	HALLMARK_MITOTIC_SPINDLE	Mutter_01	0.9925	8
SmoothMuscle	HALLMARK_MTORC1_SIGNALING	Mutter_01	0.9656	8
SmoothMuscle	HALLMARK_MYC_TARGETS_V1	Mutter_01	0.8745	8
SmoothMuscle	HALLMARK_MYOGENESIS	Mutter_01	0.9981	8
SmoothMuscle	HALLMARK_NOTCH_SIGNALING	Mutter_01	0.9244	8
SmoothMuscle	HALLMARK_P53_PATHWAY	Mutter_01	0.9242	8
SmoothMuscle	HALLMARK_PEROXISOME	Mutter_01	0.5498	8
SmoothMuscle	HALLMARK_PI3K_AKT_MTOR_SIGNALING	Mutter_01	0.9111	8
SmoothMuscle	HALLMARK_PROTEIN_SECRETION	Mutter_01	0.8069	8
SmoothMuscle	HALLMARK_REACTIVE_OXYGEN_SPECIES_PATHWAY	Mutter_01	0.9966	8
SmoothMuscle	HALLMARK_SPERMATOGENESIS	Mutter_01	0.8915	8
SmoothMuscle	HALLMARK_TNFA_SIGNALING_VIA_NFKB	Mutter_01	0.9549	8
SmoothMuscle	HALLMARK_UNFOLDED_PROTEIN_RESPONSE	Mutter_01	0.9488	8
SmoothMuscle	HALLMARK_UV_RESPONSE_DN	Mutter_01	0.9891	8
SmoothMuscle	HALLMARK_UV_RESPONSE_UP	Mutter_01	0.99	8
SmoothMuscle	HALLMARK_WNT_BETA_CATENIN_SIGNALING	Mutter_01	0.6682	8
SmoothMuscle	HALLMARK_XENOBIOTIC_METABOLISM	Mutter_01	0.9177	8
SmoothMuscle	Hypoxia	Mutter_01	0.9883	8
SmoothMuscle	SASP	Mutter_01	0.9554	8
SmoothMuscle	Stromal_stress_senescence	Mutter_01	0.992	8
SmoothMuscle	TypeII_interferon	Mutter_01	0.9442	8
SmoothMuscle	TypeI_interferon	Mutter_01	0.8769	8
T cells	Angiogenesis	Mutter_01	0.9432	8
T cells	DNA_Damage_Repair	Mutter_01	0.9585	8
T cells	Fibrosis_remodeling	Mutter_01	0.9982	8
T cells	HALLMARK_ADIPOGENESIS	Mutter_01	0.9748	8
T cells	HALLMARK_ALLOGRAFT_REJECTION	Mutter_01	0.998	8
T cells	HALLMARK_ANDROGEN_RESPONSE	Mutter_01	0.9485	8
T cells	HALLMARK_ANGIOGENESIS	Mutter_01	0.9301	8
T cells	HALLMARK_APICAL_JUNCTION	Mutter_01	0.9875	8
T cells	HALLMARK_APICAL_SURFACE	Mutter_01	0.9801	8
T cells	HALLMARK_APOPTOSIS	Mutter_01	0.9768	8
T cells	HALLMARK_BILE_ACID_METABOLISM	Mutter_01	0.9704	8
T cells	HALLMARK_CHOLESTEROL_HOMEOSTASIS	Mutter_01	0.9832	8
T cells	HALLMARK_COAGULATION	Mutter_01	0.9539	8
T cells	HALLMARK_COMPLEMENT	Mutter_01	0.9942	8
T cells	HALLMARK_DNA_REPAIR	Mutter_01	0.9652	8
T cells	HALLMARK_E2F_TARGETS	Mutter_01	0.9856	8
T cells	HALLMARK_EPITHELIAL_MESENCHYMAL_TRANSITION;HALLMARK_TGF_BETA_SIGNALING	Mutter_01	0.9924	8
T cells	HALLMARK_ESTROGEN_RESPONSE_EARLY	Mutter_01	0.9813	8
T cells	HALLMARK_ESTROGEN_RESPONSE_LATE	Mutter_01	0.9867	8
T cells	HALLMARK_FATTY_ACID_METABOLISM	Mutter_01	0.9481	8
T cells	HALLMARK_G2M_CHECKPOINT	Mutter_01	0.973	8
T cells	HALLMARK_GLYCOLYSIS	Mutter_01	0.9166	8
T cells	HALLMARK_HEDGEHOG_SIGNALING	Mutter_01	0.7953	8
T cells	HALLMARK_HEME_METABOLISM	Mutter_01	0.9503	8
T cells	HALLMARK_HYPOXIA	Mutter_01	0.9601	8
T cells	HALLMARK_IL2_STAT5_SIGNALING	Mutter_01	0.9921	8
T cells	HALLMARK_IL6_JAK_STAT3_SIGNALING	Mutter_01	0.9985	8
T cells	HALLMARK_INFLAMMATORY_RESPONSE	Mutter_01	0.9977	8
T cells	HALLMARK_INTERFERON_ALPHA_RESPONSE	Mutter_01	0.9737	8
T cells	HALLMARK_INTERFERON_GAMMA_RESPONSE	Mutter_01	0.9815	8
T cells	HALLMARK_KRAS_SIGNALING_DN	Mutter_01	0.7594	8
T cells	HALLMARK_KRAS_SIGNALING_UP	Mutter_01	0.9473	8
T cells	HALLMARK_MITOTIC_SPINDLE	Mutter_01	0.8721	8
T cells	HALLMARK_MTORC1_SIGNALING	Mutter_01	0.9276	8
T cells	HALLMARK_MYC_TARGETS_V1	Mutter_01	0.9725	8
T cells	HALLMARK_MYOGENESIS	Mutter_01	0.9921	8
T cells	HALLMARK_NOTCH_SIGNALING	Mutter_01	0.7627	8
T cells	HALLMARK_P53_PATHWAY	Mutter_01	0.91	8
T cells	HALLMARK_PEROXISOME	Mutter_01	0.9721	8
T cells	HALLMARK_PI3K_AKT_MTOR_SIGNALING	Mutter_01	0.8947	8
T cells	HALLMARK_PROTEIN_SECRETION	Mutter_01	0.8741	8
T cells	HALLMARK_REACTIVE_OXYGEN_SPECIES_PATHWAY	Mutter_01	0.9709	8
T cells	HALLMARK_SPERMATOGENESIS	Mutter_01	0.907	8
T cells	HALLMARK_TNFA_SIGNALING_VIA_NFKB	Mutter_01	0.9599	8
T cells	HALLMARK_UNFOLDED_PROTEIN_RESPONSE	Mutter_01	0.9442	8
T cells	HALLMARK_UV_RESPONSE_DN	Mutter_01	0.9969	8
T cells	HALLMARK_UV_RESPONSE_UP	Mutter_01	0.9689	8
T cells	HALLMARK_WNT_BETA_CATENIN_SIGNALING	Mutter_01	0.8857	8
T cells	HALLMARK_XENOBIOTIC_METABOLISM	Mutter_01	0.9339	8
T cells	Hypoxia	Mutter_01	0.923	8
T cells	SASP	Mutter_01	0.989	8
T cells	Stromal_stress_senescence	Mutter_01	0.9556	8
T cells	TypeII_interferon	Mutter_01	0.9836	8
T cells	TypeI_interferon	Mutter_01	0.9863	8
Tumor	Angiogenesis	Mutter_01	0.9154	8
Tumor	DNA_Damage_Repair	Mutter_01	0.9602	8
Tumor	Fibrosis_remodeling	Mutter_01	0.9981	8
Tumor	HALLMARK_ADIPOGENESIS	Mutter_01	0.9141	8
Tumor	HALLMARK_ALLOGRAFT_REJECTION	Mutter_01	0.9976	8
Tumor	HALLMARK_ANDROGEN_RESPONSE	Mutter_01	0.9491	8
Tumor	HALLMARK_ANGIOGENESIS	Mutter_01	0.9835	8
Tumor	HALLMARK_APICAL_JUNCTION	Mutter_01	0.9874	8
Tumor	HALLMARK_APICAL_SURFACE	Mutter_01	0.4098	8
Tumor	HALLMARK_APOPTOSIS	Mutter_01	0.996	8
Tumor	HALLMARK_BILE_ACID_METABOLISM	Mutter_01	0.8585	8
Tumor	HALLMARK_CHOLESTEROL_HOMEOSTASIS	Mutter_01	0.8584	8
Tumor	HALLMARK_COAGULATION	Mutter_01	0.9741	8
Tumor	HALLMARK_COMPLEMENT	Mutter_01	0.9151	8
Tumor	HALLMARK_DNA_REPAIR	Mutter_01	0.5997	8
Tumor	HALLMARK_E2F_TARGETS	Mutter_01	0.9429	8
Tumor	HALLMARK_EPITHELIAL_MESENCHYMAL_TRANSITION;HALLMARK_TGF_BETA_SIGNALING	Mutter_01	0.996	8
Tumor	HALLMARK_ESTROGEN_RESPONSE_EARLY	Mutter_01	0.9958	8
Tumor	HALLMARK_ESTROGEN_RESPONSE_LATE	Mutter_01	0.8756	8
Tumor	HALLMARK_FATTY_ACID_METABOLISM	Mutter_01	0.9936	8
Tumor	HALLMARK_G2M_CHECKPOINT	Mutter_01	0.9198	8
Tumor	HALLMARK_GLYCOLYSIS	Mutter_01	0.8551	8
Tumor	HALLMARK_HEDGEHOG_SIGNALING	Mutter_01	0.8445	8
Tumor	HALLMARK_HEME_METABOLISM	Mutter_01	0.5506	8
Tumor	HALLMARK_HYPOXIA	Mutter_01	0.8335	8
Tumor	HALLMARK_IL2_STAT5_SIGNALING	Mutter_01	0.9921	8
Tumor	HALLMARK_IL6_JAK_STAT3_SIGNALING	Mutter_01	0.9974	8
Tumor	HALLMARK_INFLAMMATORY_RESPONSE	Mutter_01	0.9811	8
Tumor	HALLMARK_INTERFERON_ALPHA_RESPONSE	Mutter_01	0.8491	8
Tumor	HALLMARK_INTERFERON_GAMMA_RESPONSE	Mutter_01	0.951	8
Tumor	HALLMARK_KRAS_SIGNALING_DN	Mutter_01	0.6191	8
Tumor	HALLMARK_KRAS_SIGNALING_UP	Mutter_01	0.935	8
Tumor	HALLMARK_MITOTIC_SPINDLE	Mutter_01	0.9964	8
Tumor	HALLMARK_MTORC1_SIGNALING	Mutter_01	0.9074	8
Tumor	HALLMARK_MYC_TARGETS_V1	Mutter_01	0.9078	8
Tumor	HALLMARK_MYOGENESIS	Mutter_01	0.9749	8
Tumor	HALLMARK_NOTCH_SIGNALING	Mutter_01	0.9569	8
Tumor	HALLMARK_P53_PATHWAY	Mutter_01	0.9598	8
Tumor	HALLMARK_PEROXISOME	Mutter_01	0.9767	8
Tumor	HALLMARK_PI3K_AKT_MTOR_SIGNALING	Mutter_01	0.4796	8
Tumor	HALLMARK_PROTEIN_SECRETION	Mutter_01	0.9576	8
Tumor	HALLMARK_REACTIVE_OXYGEN_SPECIES_PATHWAY	Mutter_01	0.9855	8
Tumor	HALLMARK_SPERMATOGENESIS	Mutter_01	0.8057	8
Tumor	HALLMARK_TNFA_SIGNALING_VIA_NFKB	Mutter_01	0.7416	8
Tumor	HALLMARK_UNFOLDED_PROTEIN_RESPONSE	Mutter_01	-0.4021	8
Tumor	HALLMARK_UV_RESPONSE_DN	Mutter_01	0.9391	8
Tumor	HALLMARK_UV_RESPONSE_UP	Mutter_01	0.6258	8
Tumor	HALLMARK_WNT_BETA_CATENIN_SIGNALING	Mutter_01	0.0873	8
Tumor	HALLMARK_XENOBIOTIC_METABOLISM	Mutter_01	0.9706	8
Tumor	Hypoxia	Mutter_01	0.8537	8
Tumor	SASP	Mutter_01	0.9175	8
Tumor	Stromal_stress_senescence	Mutter_01	0.993	8
Tumor	TypeII_interferon	Mutter_01	0.9435	8
Tumor	TypeI_interferon	Mutter_01	0.9198	8
Adipocyte	Angiogenesis	Mutter_02	0.9868	12
Adipocyte	DNA_Damage_Repair	Mutter_02	0.9324	12
Adipocyte	Fibrosis_remodeling	Mutter_02	0.9976	12
Adipocyte	HALLMARK_ADIPOGENESIS	Mutter_02	0.9989	12
Adipocyte	HALLMARK_ALLOGRAFT_REJECTION	Mutter_02	0.9998	12
Adipocyte	HALLMARK_ANDROGEN_RESPONSE	Mutter_02	0.9865	12
Adipocyte	HALLMARK_ANGIOGENESIS	Mutter_02	0.9108	12
Adipocyte	HALLMARK_APICAL_JUNCTION	Mutter_02	0.9879	12
Adipocyte	HALLMARK_APICAL_SURFACE	Mutter_02	0.9175	12
Adipocyte	HALLMARK_APOPTOSIS	Mutter_02	0.9709	12
Adipocyte	HALLMARK_BILE_ACID_METABOLISM	Mutter_02	0.9897	12
Adipocyte	HALLMARK_CHOLESTEROL_HOMEOSTASIS	Mutter_02	0.6152	12
Adipocyte	HALLMARK_COAGULATION	Mutter_02	0.924	12
Adipocyte	HALLMARK_COMPLEMENT	Mutter_02	0.984	12
Adipocyte	HALLMARK_DNA_REPAIR	Mutter_02	0.9484	12
Adipocyte	HALLMARK_E2F_TARGETS	Mutter_02	0.9537	12
Adipocyte	HALLMARK_EPITHELIAL_MESENCHYMAL_TRANSITION;HALLMARK_TGF_BETA_SIGNALING	Mutter_02	0.9969	12
Adipocyte	HALLMARK_ESTROGEN_RESPONSE_EARLY	Mutter_02	0.9395	12
Adipocyte	HALLMARK_ESTROGEN_RESPONSE_LATE	Mutter_02	0.9721	12
Adipocyte	HALLMARK_FATTY_ACID_METABOLISM	Mutter_02	0.8427	12
Adipocyte	HALLMARK_G2M_CHECKPOINT	Mutter_02	0.8755	12
Adipocyte	HALLMARK_GLYCOLYSIS	Mutter_02	0.8286	12
Adipocyte	HALLMARK_HEDGEHOG_SIGNALING	Mutter_02	0.9929	12
Adipocyte	HALLMARK_HEME_METABOLISM	Mutter_02	0.897	12
Adipocyte	HALLMARK_HYPOXIA	Mutter_02	0.9325	12
Adipocyte	HALLMARK_IL2_STAT5_SIGNALING	Mutter_02	0.9108	12
Adipocyte	HALLMARK_IL6_JAK_STAT3_SIGNALING	Mutter_02	0.99	12
Adipocyte	HALLMARK_INFLAMMATORY_RESPONSE	Mutter_02	0.9644	12
Adipocyte	HALLMARK_INTERFERON_ALPHA_RESPONSE	Mutter_02	0.9906	12
Adipocyte	HALLMARK_INTERFERON_GAMMA_RESPONSE	Mutter_02	0.9957	12
Adipocyte	HALLMARK_KRAS_SIGNALING_DN	Mutter_02	0.5243	12
Adipocyte	HALLMARK_KRAS_SIGNALING_UP	Mutter_02	0.9654	12
Adipocyte	HALLMARK_MITOTIC_SPINDLE	Mutter_02	0.9805	12
Adipocyte	HALLMARK_MTORC1_SIGNALING	Mutter_02	0.7137	12
Adipocyte	HALLMARK_MYC_TARGETS_V1	Mutter_02	0.8825	12
Adipocyte	HALLMARK_MYOGENESIS	Mutter_02	0.9988	12
Adipocyte	HALLMARK_NOTCH_SIGNALING	Mutter_02	0.9812	12
Adipocyte	HALLMARK_P53_PATHWAY	Mutter_02	0.9834	12
Adipocyte	HALLMARK_PEROXISOME	Mutter_02	0.7839	12
Adipocyte	HALLMARK_PI3K_AKT_MTOR_SIGNALING	Mutter_02	0.6947	12
Adipocyte	HALLMARK_PROTEIN_SECRETION	Mutter_02	0.3671	12
Adipocyte	HALLMARK_REACTIVE_OXYGEN_SPECIES_PATHWAY	Mutter_02	0.7357	12
Adipocyte	HALLMARK_SPERMATOGENESIS	Mutter_02	0.982	12
Adipocyte	HALLMARK_TNFA_SIGNALING_VIA_NFKB	Mutter_02	0.9832	12
Adipocyte	HALLMARK_UNFOLDED_PROTEIN_RESPONSE	Mutter_02	0.8782	12
Adipocyte	HALLMARK_UV_RESPONSE_DN	Mutter_02	0.9874	12
Adipocyte	HALLMARK_UV_RESPONSE_UP	Mutter_02	0.9638	12
Adipocyte	HALLMARK_WNT_BETA_CATENIN_SIGNALING	Mutter_02	0.5367	12
Adipocyte	HALLMARK_XENOBIOTIC_METABOLISM	Mutter_02	0.9572	12
Adipocyte	Hypoxia	Mutter_02	0.8296	12
Adipocyte	SASP	Mutter_02	0.9761	12
Adipocyte	Stromal_stress_senescence	Mutter_02	0.962	12
Adipocyte	TypeII_interferon	Mutter_02	0.9944	12
Adipocyte	TypeI_interferon	Mutter_02	0.9738	12
DC	Angiogenesis	Mutter_02	0.9633	12
DC	DNA_Damage_Repair	Mutter_02	0.9754	12
DC	Fibrosis_remodeling	Mutter_02	0.998	12
DC	HALLMARK_ADIPOGENESIS	Mutter_02	0.9687	12
DC	HALLMARK_ALLOGRAFT_REJECTION	Mutter_02	0.9958	12
DC	HALLMARK_ANDROGEN_RESPONSE	Mutter_02	0.9899	12
DC	HALLMARK_ANGIOGENESIS	Mutter_02	0.9655	12
DC	HALLMARK_APICAL_JUNCTION	Mutter_02	0.9847	12
DC	HALLMARK_APICAL_SURFACE	Mutter_02	0.9357	12
DC	HALLMARK_APOPTOSIS	Mutter_02	0.9637	12
DC	HALLMARK_BILE_ACID_METABOLISM	Mutter_02	0.9744	12
DC	HALLMARK_CHOLESTEROL_HOMEOSTASIS	Mutter_02	0.8967	12
DC	HALLMARK_COAGULATION	Mutter_02	0.9283	12
DC	HALLMARK_COMPLEMENT	Mutter_02	0.9663	12
DC	HALLMARK_DNA_REPAIR	Mutter_02	0.9477	12
DC	HALLMARK_E2F_TARGETS	Mutter_02	0.9813	12
DC	HALLMARK_EPITHELIAL_MESENCHYMAL_TRANSITION;HALLMARK_TGF_BETA_SIGNALING	Mutter_02	0.9909	12
DC	HALLMARK_ESTROGEN_RESPONSE_EARLY	Mutter_02	0.9428	12
DC	HALLMARK_ESTROGEN_RESPONSE_LATE	Mutter_02	0.9704	12
DC	HALLMARK_FATTY_ACID_METABOLISM	Mutter_02	0.9581	12
DC	HALLMARK_G2M_CHECKPOINT	Mutter_02	0.9641	12
DC	HALLMARK_GLYCOLYSIS	Mutter_02	0.8735	12
DC	HALLMARK_HEDGEHOG_SIGNALING	Mutter_02	0.8924	12
DC	HALLMARK_HEME_METABOLISM	Mutter_02	0.8897	12
DC	HALLMARK_HYPOXIA	Mutter_02	0.967	12
DC	HALLMARK_IL2_STAT5_SIGNALING	Mutter_02	0.9799	12
DC	HALLMARK_IL6_JAK_STAT3_SIGNALING	Mutter_02	0.9705	12
DC	HALLMARK_INFLAMMATORY_RESPONSE	Mutter_02	0.9625	12
DC	HALLMARK_INTERFERON_ALPHA_RESPONSE	Mutter_02	0.9839	12
DC	HALLMARK_INTERFERON_GAMMA_RESPONSE	Mutter_02	0.9936	12
DC	HALLMARK_KRAS_SIGNALING_DN	Mutter_02	0.7457	12
DC	HALLMARK_KRAS_SIGNALING_UP	Mutter_02	0.98	12
DC	HALLMARK_MITOTIC_SPINDLE	Mutter_02	0.9645	12
DC	HALLMARK_MTORC1_SIGNALING	Mutter_02	0.9282	12
DC	HALLMARK_MYC_TARGETS_V1	Mutter_02	0.8655	12
DC	HALLMARK_MYOGENESIS	Mutter_02	0.9954	12
DC	HALLMARK_NOTCH_SIGNALING	Mutter_02	0.9848	12
DC	HALLMARK_P53_PATHWAY	Mutter_02	0.9471	12
DC	HALLMARK_PEROXISOME	Mutter_02	0.874	12
DC	HALLMARK_PI3K_AKT_MTOR_SIGNALING	Mutter_02	0.9533	12
DC	HALLMARK_PROTEIN_SECRETION	Mutter_02	0.8854	12
DC	HALLMARK_REACTIVE_OXYGEN_SPECIES_PATHWAY	Mutter_02	0.9367	12
DC	HALLMARK_SPERMATOGENESIS	Mutter_02	0.8799	12
DC	HALLMARK_TNFA_SIGNALING_VIA_NFKB	Mutter_02	0.9917	12
DC	HALLMARK_UNFOLDED_PROTEIN_RESPONSE	Mutter_02	0.9399	12
DC	HALLMARK_UV_RESPONSE_DN	Mutter_02	0.9596	12
DC	HALLMARK_UV_RESPONSE_UP	Mutter_02	0.976	12
DC	HALLMARK_WNT_BETA_CATENIN_SIGNALING	Mutter_02	0.9021	12
DC	HALLMARK_XENOBIOTIC_METABOLISM	Mutter_02	0.9601	12
DC	Hypoxia	Mutter_02	0.9207	12
DC	SASP	Mutter_02	0.9475	12
DC	Stromal_stress_senescence	Mutter_02	0.9739	12
DC	TypeII_interferon	Mutter_02	0.9911	12
DC	TypeI_interferon	Mutter_02	0.9615	12
Endothelial	Angiogenesis	Mutter_02	0.9742	12
Endothelial	DNA_Damage_Repair	Mutter_02	0.8985	12
Endothelial	Fibrosis_remodeling	Mutter_02	0.9945	12
Endothelial	HALLMARK_ADIPOGENESIS	Mutter_02	0.9745	12
Endothelial	HALLMARK_ALLOGRAFT_REJECTION	Mutter_02	0.9997	12
Endothelial	HALLMARK_ANDROGEN_RESPONSE	Mutter_02	0.9376	12
Endothelial	HALLMARK_ANGIOGENESIS	Mutter_02	0.8958	12
Endothelial	HALLMARK_APICAL_JUNCTION	Mutter_02	0.9902	12
Endothelial	HALLMARK_APICAL_SURFACE	Mutter_02	0.8941	12
Endothelial	HALLMARK_APOPTOSIS	Mutter_02	0.936	12
Endothelial	HALLMARK_BILE_ACID_METABOLISM	Mutter_02	0.9296	12
Endothelial	HALLMARK_CHOLESTEROL_HOMEOSTASIS	Mutter_02	0.311	12
Endothelial	HALLMARK_COAGULATION	Mutter_02	0.781	12
Endothelial	HALLMARK_COMPLEMENT	Mutter_02	0.9721	12
Endothelial	HALLMARK_DNA_REPAIR	Mutter_02	0.8559	12
Endothelial	HALLMARK_E2F_TARGETS	Mutter_02	0.9448	12
Endothelial	HALLMARK_EPITHELIAL_MESENCHYMAL_TRANSITION;HALLMARK_TGF_BETA_SIGNALING	Mutter_02	0.9939	12
Endothelial	HALLMARK_ESTROGEN_RESPONSE_EARLY	Mutter_02	0.976	12
Endothelial	HALLMARK_ESTROGEN_RESPONSE_LATE	Mutter_02	0.9513	12
Endothelial	HALLMARK_FATTY_ACID_METABOLISM	Mutter_02	0.9479	12
Endothelial	HALLMARK_G2M_CHECKPOINT	Mutter_02	0.9547	12
Endothelial	HALLMARK_GLYCOLYSIS	Mutter_02	0.7354	12
Endothelial	HALLMARK_HEDGEHOG_SIGNALING	Mutter_02	0.9309	12
Endothelial	HALLMARK_HEME_METABOLISM	Mutter_02	0.8194	12
Endothelial	HALLMARK_HYPOXIA	Mutter_02	0.7475	12
Endothelial	HALLMARK_IL2_STAT5_SIGNALING	Mutter_02	0.9642	12
Endothelial	HALLMARK_IL6_JAK_STAT3_SIGNALING	Mutter_02	0.998	12
Endothelial	HALLMARK_INFLAMMATORY_RESPONSE	Mutter_02	0.984	12
Endothelial	HALLMARK_INTERFERON_ALPHA_RESPONSE	Mutter_02	0.9476	12
Endothelial	HALLMARK_INTERFERON_GAMMA_RESPONSE	Mutter_02	0.9829	12
Endothelial	HALLMARK_KRAS_SIGNALING_DN	Mutter_02	0.8179	12
Endothelial	HALLMARK_KRAS_SIGNALING_UP	Mutter_02	0.9545	12
Endothelial	HALLMARK_MITOTIC_SPINDLE	Mutter_02	0.9493	12
Endothelial	HALLMARK_MTORC1_SIGNALING	Mutter_02	0.8842	12
Endothelial	HALLMARK_MYC_TARGETS_V1	Mutter_02	0.8632	12
Endothelial	HALLMARK_MYOGENESIS	Mutter_02	0.9917	12
Endothelial	HALLMARK_NOTCH_SIGNALING	Mutter_02	0.9837	12
Endothelial	HALLMARK_P53_PATHWAY	Mutter_02	0.8369	12
Endothelial	HALLMARK_PEROXISOME	Mutter_02	0.9692	12
Endothelial	HALLMARK_PI3K_AKT_MTOR_SIGNALING	Mutter_02	0.9631	12
Endothelial	HALLMARK_PROTEIN_SECRETION	Mutter_02	0.5758	12
Endothelial	HALLMARK_REACTIVE_OXYGEN_SPECIES_PATHWAY	Mutter_02	0.9522	12
Endothelial	HALLMARK_SPERMATOGENESIS	Mutter_02	0.678	12
Endothelial	HALLMARK_TNFA_SIGNALING_VIA_NFKB	Mutter_02	0.9362	12
Endothelial	HALLMARK_UNFOLDED_PROTEIN_RESPONSE	Mutter_02	0.7299	12
Endothelial	HALLMARK_UV_RESPONSE_DN	Mutter_02	0.9844	12
Endothelial	HALLMARK_UV_RESPONSE_UP	Mutter_02	0.9226	12
Endothelial	HALLMARK_WNT_BETA_CATENIN_SIGNALING	Mutter_02	0.8327	12
Endothelial	HALLMARK_XENOBIOTIC_METABOLISM	Mutter_02	0.9395	12
Endothelial	Hypoxia	Mutter_02	0.8952	12
Endothelial	SASP	Mutter_02	0.9744	12
Endothelial	Stromal_stress_senescence	Mutter_02	0.973	12
Endothelial	TypeII_interferon	Mutter_02	0.946	12
Endothelial	TypeI_interferon	Mutter_02	0.8439	12
Epithelial cells	Angiogenesis	Mutter_02	0.9734	12
Epithelial cells	DNA_Damage_Repair	Mutter_02	0.946	12
Epithelial cells	Fibrosis_remodeling	Mutter_02	0.996	12
Epithelial cells	HALLMARK_ADIPOGENESIS	Mutter_02	0.9401	12
Epithelial cells	HALLMARK_ALLOGRAFT_REJECTION	Mutter_02	0.9983	12
Epithelial cells	HALLMARK_ANDROGEN_RESPONSE	Mutter_02	0.9721	12
Epithelial cells	HALLMARK_ANGIOGENESIS	Mutter_02	0.9805	12
Epithelial cells	HALLMARK_APICAL_JUNCTION	Mutter_02	0.9943	12
Epithelial cells	HALLMARK_APICAL_SURFACE	Mutter_02	0.9512	12
Epithelial cells	HALLMARK_APOPTOSIS	Mutter_02	0.9672	12
Epithelial cells	HALLMARK_BILE_ACID_METABOLISM	Mutter_02	0.9696	12
Epithelial cells	HALLMARK_CHOLESTEROL_HOMEOSTASIS	Mutter_02	0.869	12
Epithelial cells	HALLMARK_COAGULATION	Mutter_02	0.8965	12
Epithelial cells	HALLMARK_COMPLEMENT	Mutter_02	0.9585	12
Epithelial cells	HALLMARK_DNA_REPAIR	Mutter_02	0.995	12
Epithelial cells	HALLMARK_E2F_TARGETS	Mutter_02	0.9656	12
Epithelial cells	HALLMARK_EPITHELIAL_MESENCHYMAL_TRANSITION;HALLMARK_TGF_BETA_SIGNALING	Mutter_02	0.9972	12
Epithelial cells	HALLMARK_ESTROGEN_RESPONSE_EARLY	Mutter_02	0.9601	12
Epithelial cells	HALLMARK_ESTROGEN_RESPONSE_LATE	Mutter_02	0.9912	12
Epithelial cells	HALLMARK_FATTY_ACID_METABOLISM	Mutter_02	0.9721	12
Epithelial cells	HALLMARK_G2M_CHECKPOINT	Mutter_02	0.8908	12
Epithelial cells	HALLMARK_GLYCOLYSIS	Mutter_02	0.9403	12
Epithelial cells	HALLMARK_HEDGEHOG_SIGNALING	Mutter_02	0.9635	12
Epithelial cells	HALLMARK_HEME_METABOLISM	Mutter_02	0.9799	12
Epithelial cells	HALLMARK_HYPOXIA	Mutter_02	0.9279	12
Epithelial cells	HALLMARK_IL2_STAT5_SIGNALING	Mutter_02	0.9879	12
Epithelial cells	HALLMARK_IL6_JAK_STAT3_SIGNALING	Mutter_02	0.9409	12
Epithelial cells	HALLMARK_INFLAMMATORY_RESPONSE	Mutter_02	0.9811	12
Epithelial cells	HALLMARK_INTERFERON_ALPHA_RESPONSE	Mutter_02	0.9503	12
Epithelial cells	HALLMARK_INTERFERON_GAMMA_RESPONSE	Mutter_02	0.9856	12
Epithelial cells	HALLMARK_KRAS_SIGNALING_DN	Mutter_02	0.9842	12
Epithelial cells	HALLMARK_KRAS_SIGNALING_UP	Mutter_02	0.9494	12
Epithelial cells	HALLMARK_MITOTIC_SPINDLE	Mutter_02	0.9382	12
Epithelial cells	HALLMARK_MTORC1_SIGNALING	Mutter_02	0.882	12
Epithelial cells	HALLMARK_MYC_TARGETS_V1	Mutter_02	0.8849	12
Epithelial cells	HALLMARK_MYOGENESIS	Mutter_02	0.9178	12
Epithelial cells	HALLMARK_NOTCH_SIGNALING	Mutter_02	0.9927	12
Epithelial cells	HALLMARK_P53_PATHWAY	Mutter_02	0.9757	12
Epithelial cells	HALLMARK_PEROXISOME	Mutter_02	0.9265	12
Epithelial cells	HALLMARK_PI3K_AKT_MTOR_SIGNALING	Mutter_02	0.9663	12
Epithelial cells	HALLMARK_PROTEIN_SECRETION	Mutter_02	0.948	12
Epithelial cells	HALLMARK_REACTIVE_OXYGEN_SPECIES_PATHWAY	Mutter_02	0.9322	12
Epithelial cells	HALLMARK_SPERMATOGENESIS	Mutter_02	0.9732	12
Epithelial cells	HALLMARK_TNFA_SIGNALING_VIA_NFKB	Mutter_02	0.9444	12
Epithelial cells	HALLMARK_UNFOLDED_PROTEIN_RESPONSE	Mutter_02	0.8154	12
Epithelial cells	HALLMARK_UV_RESPONSE_DN	Mutter_02	0.9859	12
Epithelial cells	HALLMARK_UV_RESPONSE_UP	Mutter_02	0.9717	12
Epithelial cells	HALLMARK_WNT_BETA_CATENIN_SIGNALING	Mutter_02	0.9498	12
Epithelial cells	HALLMARK_XENOBIOTIC_METABOLISM	Mutter_02	0.942	12
Epithelial cells	Hypoxia	Mutter_02	0.9424	12
Epithelial cells	SASP	Mutter_02	0.9434	12
Epithelial cells	Stromal_stress_senescence	Mutter_02	0.9576	12
Epithelial cells	TypeII_interferon	Mutter_02	0.92	12
Epithelial cells	TypeI_interferon	Mutter_02	0.8448	12
Fibroblast	Angiogenesis	Mutter_02	0.9411	12
Fibroblast	DNA_Damage_Repair	Mutter_02	0.9746	12
Fibroblast	Fibrosis_remodeling	Mutter_02	0.9922	12
Fibroblast	HALLMARK_ADIPOGENESIS	Mutter_02	0.9734	12
Fibroblast	HALLMARK_ALLOGRAFT_REJECTION	Mutter_02	0.9997	12
Fibroblast	HALLMARK_ANDROGEN_RESPONSE	Mutter_02	0.9064	12
Fibroblast	HALLMARK_ANGIOGENESIS	Mutter_02	0.981	12
Fibroblast	HALLMARK_APICAL_JUNCTION	Mutter_02	0.988	12
Fibroblast	HALLMARK_APICAL_SURFACE	Mutter_02	0.9427	12
Fibroblast	HALLMARK_APOPTOSIS	Mutter_02	0.9119	12
Fibroblast	HALLMARK_BILE_ACID_METABOLISM	Mutter_02	0.9559	12
Fibroblast	HALLMARK_CHOLESTEROL_HOMEOSTASIS	Mutter_02	0.6009	12
Fibroblast	HALLMARK_COAGULATION	Mutter_02	0.9357	12
Fibroblast	HALLMARK_COMPLEMENT	Mutter_02	0.9445	12
Fibroblast	HALLMARK_DNA_REPAIR	Mutter_02	0.9622	12
Fibroblast	HALLMARK_E2F_TARGETS	Mutter_02	0.973	12
Fibroblast	HALLMARK_EPITHELIAL_MESENCHYMAL_TRANSITION;HALLMARK_TGF_BETA_SIGNALING	Mutter_02	0.9898	12
Fibroblast	HALLMARK_ESTROGEN_RESPONSE_EARLY	Mutter_02	0.9881	12
Fibroblast	HALLMARK_ESTROGEN_RESPONSE_LATE	Mutter_02	0.9451	12
Fibroblast	HALLMARK_FATTY_ACID_METABOLISM	Mutter_02	0.9321	12
Fibroblast	HALLMARK_G2M_CHECKPOINT	Mutter_02	0.9526	12
Fibroblast	HALLMARK_GLYCOLYSIS	Mutter_02	0.7968	12
Fibroblast	HALLMARK_HEDGEHOG_SIGNALING	Mutter_02	0.9638	12
Fibroblast	HALLMARK_HEME_METABOLISM	Mutter_02	0.8735	12
Fibroblast	HALLMARK_HYPOXIA	Mutter_02	0.9333	12
Fibroblast	HALLMARK_IL2_STAT5_SIGNALING	Mutter_02	0.982	12
Fibroblast	HALLMARK_IL6_JAK_STAT3_SIGNALING	Mutter_02	0.9953	12
Fibroblast	HALLMARK_INFLAMMATORY_RESPONSE	Mutter_02	0.9742	12
Fibroblast	HALLMARK_INTERFERON_ALPHA_RESPONSE	Mutter_02	0.9707	12
Fibroblast	HALLMARK_INTERFERON_GAMMA_RESPONSE	Mutter_02	0.9885	12
Fibroblast	HALLMARK_KRAS_SIGNALING_DN	Mutter_02	0.8033	12
Fibroblast	HALLMARK_KRAS_SIGNALING_UP	Mutter_02	0.9564	12
Fibroblast	HALLMARK_MITOTIC_SPINDLE	Mutter_02	0.9711	12
Fibroblast	HALLMARK_MTORC1_SIGNALING	Mutter_02	0.8503	12
Fibroblast	HALLMARK_MYC_TARGETS_V1	Mutter_02	0.95	12
Fibroblast	HALLMARK_MYOGENESIS	Mutter_02	0.9948	12
Fibroblast	HALLMARK_NOTCH_SIGNALING	Mutter_02	0.9855	12
Fibroblast	HALLMARK_P53_PATHWAY	Mutter_02	0.826	12
Fibroblast	HALLMARK_PEROXISOME	Mutter_02	0.9382	12
Fibroblast	HALLMARK_PI3K_AKT_MTOR_SIGNALING	Mutter_02	0.9366	12
Fibroblast	HALLMARK_PROTEIN_SECRETION	Mutter_02	0.8711	12
Fibroblast	HALLMARK_REACTIVE_OXYGEN_SPECIES_PATHWAY	Mutter_02	0.9348	12
Fibroblast	HALLMARK_SPERMATOGENESIS	Mutter_02	0.7303	12
Fibroblast	HALLMARK_TNFA_SIGNALING_VIA_NFKB	Mutter_02	0.9129	12
Fibroblast	HALLMARK_UNFOLDED_PROTEIN_RESPONSE	Mutter_02	0.7647	12
Fibroblast	HALLMARK_UV_RESPONSE_DN	Mutter_02	0.9939	12
Fibroblast	HALLMARK_UV_RESPONSE_UP	Mutter_02	0.9748	12
Fibroblast	HALLMARK_WNT_BETA_CATENIN_SIGNALING	Mutter_02	0.6569	12
Fibroblast	HALLMARK_XENOBIOTIC_METABOLISM	Mutter_02	0.9826	12
Fibroblast	Hypoxia	Mutter_02	0.8479	12
Fibroblast	SASP	Mutter_02	0.9587	12
Fibroblast	Stromal_stress_senescence	Mutter_02	0.9914	12
Fibroblast	TypeII_interferon	Mutter_02	0.9685	12
Fibroblast	TypeI_interferon	Mutter_02	0.8976	12
ILC	Angiogenesis	Mutter_02	0.9398	12
ILC	DNA_Damage_Repair	Mutter_02	0.8303	12
ILC	Fibrosis_remodeling	Mutter_02	0.9948	12
ILC	HALLMARK_ADIPOGENESIS	Mutter_02	0.9225	12
ILC	HALLMARK_ALLOGRAFT_REJECTION	Mutter_02	0.9946	12
ILC	HALLMARK_ANDROGEN_RESPONSE	Mutter_02	0.9508	12
ILC	HALLMARK_ANGIOGENESIS	Mutter_02	0.9503	12
ILC	HALLMARK_APICAL_JUNCTION	Mutter_02	0.9445	12
ILC	HALLMARK_APICAL_SURFACE	Mutter_02	0.9719	12
ILC	HALLMARK_APOPTOSIS	Mutter_02	0.9718	12
ILC	HALLMARK_BILE_ACID_METABOLISM	Mutter_02	0.9698	12
ILC	HALLMARK_CHOLESTEROL_HOMEOSTASIS	Mutter_02	0.7188	12
ILC	HALLMARK_COAGULATION	Mutter_02	0.6671	12
ILC	HALLMARK_COMPLEMENT	Mutter_02	0.9841	12
ILC	HALLMARK_DNA_REPAIR	Mutter_02	0.8689	12
ILC	HALLMARK_E2F_TARGETS	Mutter_02	0.824	12
ILC	HALLMARK_EPITHELIAL_MESENCHYMAL_TRANSITION;HALLMARK_TGF_BETA_SIGNALING	Mutter_02	0.996	12
ILC	HALLMARK_ESTROGEN_RESPONSE_EARLY	Mutter_02	0.9912	12
ILC	HALLMARK_ESTROGEN_RESPONSE_LATE	Mutter_02	0.9518	12
ILC	HALLMARK_FATTY_ACID_METABOLISM	Mutter_02	0.9187	12
ILC	HALLMARK_G2M_CHECKPOINT	Mutter_02	0.9426	12
ILC	HALLMARK_GLYCOLYSIS	Mutter_02	0.7085	12
ILC	HALLMARK_HEDGEHOG_SIGNALING	Mutter_02	0.0744	12
ILC	HALLMARK_HEME_METABOLISM	Mutter_02	0.642	12
ILC	HALLMARK_HYPOXIA	Mutter_02	0.7999	12
ILC	HALLMARK_IL2_STAT5_SIGNALING	Mutter_02	0.9739	12
ILC	HALLMARK_IL6_JAK_STAT3_SIGNALING	Mutter_02	0.9646	12
ILC	HALLMARK_INFLAMMATORY_RESPONSE	Mutter_02	0.9867	12
ILC	HALLMARK_INTERFERON_ALPHA_RESPONSE	Mutter_02	0.9433	12
ILC	HALLMARK_INTERFERON_GAMMA_RESPONSE	Mutter_02	0.971	12
ILC	HALLMARK_KRAS_SIGNALING_DN	Mutter_02	0.2846	12
ILC	HALLMARK_KRAS_SIGNALING_UP	Mutter_02	0.9774	12
ILC	HALLMARK_MITOTIC_SPINDLE	Mutter_02	0.8645	12
ILC	HALLMARK_MTORC1_SIGNALING	Mutter_02	0.544	12
ILC	HALLMARK_MYC_TARGETS_V1	Mutter_02	0.7399	12
ILC	HALLMARK_MYOGENESIS	Mutter_02	0.9971	12
ILC	HALLMARK_NOTCH_SIGNALING	Mutter_02	0.9859	12
ILC	HALLMARK_P53_PATHWAY	Mutter_02	0.8419	12
ILC	HALLMARK_PEROXISOME	Mutter_02	0.9367	12
ILC	HALLMARK_PI3K_AKT_MTOR_SIGNALING	Mutter_02	0.8629	12
ILC	HALLMARK_PROTEIN_SECRETION	Mutter_02	0.6238	12
ILC	HALLMARK_REACTIVE_OXYGEN_SPECIES_PATHWAY	Mutter_02	0.9719	12
ILC	HALLMARK_SPERMATOGENESIS	Mutter_02	0.8467	12
ILC	HALLMARK_TNFA_SIGNALING_VIA_NFKB	Mutter_02	0.794	12
ILC	HALLMARK_UNFOLDED_PROTEIN_RESPONSE	Mutter_02	0.6314	12
ILC	HALLMARK_UV_RESPONSE_DN	Mutter_02	0.9623	12
ILC	HALLMARK_UV_RESPONSE_UP	Mutter_02	0.7138	12
ILC	HALLMARK_WNT_BETA_CATENIN_SIGNALING	Mutter_02	0.8425	12
ILC	HALLMARK_XENOBIOTIC_METABOLISM	Mutter_02	0.9448	12
ILC	Hypoxia	Mutter_02	0.9157	12
ILC	SASP	Mutter_02	0.9335	12
ILC	Stromal_stress_senescence	Mutter_02	0.9408	12
ILC	TypeII_interferon	Mutter_02	0.9652	12
ILC	TypeI_interferon	Mutter_02	0.9307	12
Macrophages	Angiogenesis	Mutter_02	0.89	12
Macrophages	DNA_Damage_Repair	Mutter_02	0.9021	12
Macrophages	Fibrosis_remodeling	Mutter_02	0.9954	12
Macrophages	HALLMARK_ADIPOGENESIS	Mutter_02	0.9837	12
Macrophages	HALLMARK_ALLOGRAFT_REJECTION	Mutter_02	0.9963	12
Macrophages	HALLMARK_ANDROGEN_RESPONSE	Mutter_02	0.9791	12
Macrophages	HALLMARK_ANGIOGENESIS	Mutter_02	0.9725	12
Macrophages	HALLMARK_APICAL_JUNCTION	Mutter_02	0.9364	12
Macrophages	HALLMARK_APICAL_SURFACE	Mutter_02	0.6945	12
Macrophages	HALLMARK_APOPTOSIS	Mutter_02	0.9735	12
Macrophages	HALLMARK_BILE_ACID_METABOLISM	Mutter_02	0.9529	12
Macrophages	HALLMARK_CHOLESTEROL_HOMEOSTASIS	Mutter_02	0.807	12
Macrophages	HALLMARK_COAGULATION	Mutter_02	0.9282	12
Macrophages	HALLMARK_COMPLEMENT	Mutter_02	0.9931	12
Macrophages	HALLMARK_DNA_REPAIR	Mutter_02	0.9652	12
Macrophages	HALLMARK_E2F_TARGETS	Mutter_02	0.964	12
Macrophages	HALLMARK_EPITHELIAL_MESENCHYMAL_TRANSITION;HALLMARK_TGF_BETA_SIGNALING	Mutter_02	0.9929	12
Macrophages	HALLMARK_ESTROGEN_RESPONSE_EARLY	Mutter_02	0.9836	12
Macrophages	HALLMARK_ESTROGEN_RESPONSE_LATE	Mutter_02	0.9808	12
Macrophages	HALLMARK_FATTY_ACID_METABOLISM	Mutter_02	0.947	12
Macrophages	HALLMARK_G2M_CHECKPOINT	Mutter_02	0.9501	12
Macrophages	HALLMARK_GLYCOLYSIS	Mutter_02	0.727	12
Macrophages	HALLMARK_HEDGEHOG_SIGNALING	Mutter_02	0.9474	12
Macrophages	HALLMARK_HEME_METABOLISM	Mutter_02	0.9053	12
Macrophages	HALLMARK_HYPOXIA	Mutter_02	0.7987	12
Macrophages	HALLMARK_IL2_STAT5_SIGNALING	Mutter_02	0.9144	12
Macrophages	HALLMARK_IL6_JAK_STAT3_SIGNALING	Mutter_02	0.9344	12
Macrophages	HALLMARK_INFLAMMATORY_RESPONSE	Mutter_02	0.9929	12
Macrophages	HALLMARK_INTERFERON_ALPHA_RESPONSE	Mutter_02	0.9541	12
Macrophages	HALLMARK_INTERFERON_GAMMA_RESPONSE	Mutter_02	0.9861	12
Macrophages	HALLMARK_KRAS_SIGNALING_DN	Mutter_02	0.2391	12
Macrophages	HALLMARK_KRAS_SIGNALING_UP	Mutter_02	0.9807	12
Macrophages	HALLMARK_MITOTIC_SPINDLE	Mutter_02	0.9071	12
Macrophages	HALLMARK_MTORC1_SIGNALING	Mutter_02	0.5769	12
Macrophages	HALLMARK_MYC_TARGETS_V1	Mutter_02	0.7268	12
Macrophages	HALLMARK_MYOGENESIS	Mutter_02	0.9923	12
Macrophages	HALLMARK_NOTCH_SIGNALING	Mutter_02	0.9896	12
Macrophages	HALLMARK_P53_PATHWAY	Mutter_02	0.9411	12
Macrophages	HALLMARK_PEROXISOME	Mutter_02	0.8643	12
Macrophages	HALLMARK_PI3K_AKT_MTOR_SIGNALING	Mutter_02	0.7763	12
Macrophages	HALLMARK_PROTEIN_SECRETION	Mutter_02	0.6197	12
Macrophages	HALLMARK_REACTIVE_OXYGEN_SPECIES_PATHWAY	Mutter_02	0.9489	12
Macrophages	HALLMARK_SPERMATOGENESIS	Mutter_02	0.8024	12
Macrophages	HALLMARK_TNFA_SIGNALING_VIA_NFKB	Mutter_02	0.9717	12
Macrophages	HALLMARK_UNFOLDED_PROTEIN_RESPONSE	Mutter_02	0.4866	12
Macrophages	HALLMARK_UV_RESPONSE_DN	Mutter_02	0.9717	12
Macrophages	HALLMARK_UV_RESPONSE_UP	Mutter_02	0.8732	12
Macrophages	HALLMARK_WNT_BETA_CATENIN_SIGNALING	Mutter_02	0.8251	12
Macrophages	HALLMARK_XENOBIOTIC_METABOLISM	Mutter_02	0.9933	12
Macrophages	Hypoxia	Mutter_02	0.8804	12
Macrophages	SASP	Mutter_02	0.8982	12
Macrophages	Stromal_stress_senescence	Mutter_02	0.9472	12
Macrophages	TypeII_interferon	Mutter_02	0.9583	12
Macrophages	TypeI_interferon	Mutter_02	0.9675	12
Mast cells	Angiogenesis	Mutter_02	0.9841	12
Mast cells	DNA_Damage_Repair	Mutter_02	0.8429	12
Mast cells	Fibrosis_remodeling	Mutter_02	0.9921	12
Mast cells	HALLMARK_ADIPOGENESIS	Mutter_02	0.9803	12
Mast cells	HALLMARK_ALLOGRAFT_REJECTION	Mutter_02	0.9974	12
Mast cells	HALLMARK_ANDROGEN_RESPONSE	Mutter_02	0.9773	12
Mast cells	HALLMARK_ANGIOGENESIS	Mutter_02	0.9361	12
Mast cells	HALLMARK_APICAL_JUNCTION	Mutter_02	0.9867	12
Mast cells	HALLMARK_APICAL_SURFACE	Mutter_02	0.9494	12
Mast cells	HALLMARK_APOPTOSIS	Mutter_02	0.9371	12
Mast cells	HALLMARK_BILE_ACID_METABOLISM	Mutter_02	0.9839	12
Mast cells	HALLMARK_CHOLESTEROL_HOMEOSTASIS	Mutter_02	0.7964	12
Mast cells	HALLMARK_COAGULATION	Mutter_02	0.9157	12
Mast cells	HALLMARK_COMPLEMENT	Mutter_02	0.9796	12
Mast cells	HALLMARK_DNA_REPAIR	Mutter_02	0.8616	12
Mast cells	HALLMARK_E2F_TARGETS	Mutter_02	0.9187	12
Mast cells	HALLMARK_EPITHELIAL_MESENCHYMAL_TRANSITION;HALLMARK_TGF_BETA_SIGNALING	Mutter_02	0.9865	12
Mast cells	HALLMARK_ESTROGEN_RESPONSE_EARLY	Mutter_02	0.9859	12
Mast cells	HALLMARK_ESTROGEN_RESPONSE_LATE	Mutter_02	0.9595	12
Mast cells	HALLMARK_FATTY_ACID_METABOLISM	Mutter_02	0.845	12
Mast cells	HALLMARK_G2M_CHECKPOINT	Mutter_02	0.9655	12
Mast cells	HALLMARK_GLYCOLYSIS	Mutter_02	0.8448	12
Mast cells	HALLMARK_HEDGEHOG_SIGNALING	Mutter_02	0.9517	12
Mast cells	HALLMARK_HEME_METABOLISM	Mutter_02	0.9026	12
Mast cells	HALLMARK_HYPOXIA	Mutter_02	0.9241	12
Mast cells	HALLMARK_IL2_STAT5_SIGNALING	Mutter_02	0.997	12
Mast cells	HALLMARK_IL6_JAK_STAT3_SIGNALING	Mutter_02	0.961	12
Mast cells	HALLMARK_INFLAMMATORY_RESPONSE	Mutter_02	0.9588	12
Mast cells	HALLMARK_INTERFERON_ALPHA_RESPONSE	Mutter_02	0.961	12
Mast cells	HALLMARK_INTERFERON_GAMMA_RESPONSE	Mutter_02	0.9838	12
Mast cells	HALLMARK_KRAS_SIGNALING_DN	Mutter_02	0.531	12
Mast cells	HALLMARK_KRAS_SIGNALING_UP	Mutter_02	0.9571	12
Mast cells	HALLMARK_MITOTIC_SPINDLE	Mutter_02	0.9548	12
Mast cells	HALLMARK_MTORC1_SIGNALING	Mutter_02	0.7134	12
Mast cells	HALLMARK_MYC_TARGETS_V1	Mutter_02	0.6654	12
Mast cells	HALLMARK_MYOGENESIS	Mutter_02	0.9885	12
Mast cells	HALLMARK_NOTCH_SIGNALING	Mutter_02	0.9893	12
Mast cells	HALLMARK_P53_PATHWAY	Mutter_02	0.8555	12
Mast cells	HALLMARK_PEROXISOME	Mutter_02	0.9522	12
Mast cells	HALLMARK_PI3K_AKT_MTOR_SIGNALING	Mutter_02	0.9384	12
Mast cells	HALLMARK_PROTEIN_SECRETION	Mutter_02	0.8996	12
Mast cells	HALLMARK_REACTIVE_OXYGEN_SPECIES_PATHWAY	Mutter_02	0.9556	12
Mast cells	HALLMARK_SPERMATOGENESIS	Mutter_02	0.9377	12
Mast cells	HALLMARK_TNFA_SIGNALING_VIA_NFKB	Mutter_02	0.9029	12
Mast cells	HALLMARK_UNFOLDED_PROTEIN_RESPONSE	Mutter_02	0.8108	12
Mast cells	HALLMARK_UV_RESPONSE_DN	Mutter_02	0.9308	12
Mast cells	HALLMARK_UV_RESPONSE_UP	Mutter_02	0.9158	12
Mast cells	HALLMARK_WNT_BETA_CATENIN_SIGNALING	Mutter_02	0.9651	12
Mast cells	HALLMARK_XENOBIOTIC_METABOLISM	Mutter_02	0.928	12
Mast cells	Hypoxia	Mutter_02	0.9384	12
Mast cells	SASP	Mutter_02	0.9522	12
Mast cells	Stromal_stress_senescence	Mutter_02	0.9296	12
Mast cells	TypeII_interferon	Mutter_02	0.9446	12
Mast cells	TypeI_interferon	Mutter_02	0.9307	12
NK cells	Angiogenesis	Mutter_02	0.9139	12
NK cells	DNA_Damage_Repair	Mutter_02	0.6758	12
NK cells	Fibrosis_remodeling	Mutter_02	0.9509	12
NK cells	HALLMARK_ADIPOGENESIS	Mutter_02	0.9234	12
NK cells	HALLMARK_ALLOGRAFT_REJECTION	Mutter_02	0.9892	12
NK cells	HALLMARK_ANDROGEN_RESPONSE	Mutter_02	0.8539	12
NK cells	HALLMARK_ANGIOGENESIS	Mutter_02	0.9016	12
NK cells	HALLMARK_APICAL_JUNCTION	Mutter_02	0.9259	12
NK cells	HALLMARK_APICAL_SURFACE	Mutter_02	0.9646	12
NK cells	HALLMARK_APOPTOSIS	Mutter_02	0.9892	12
NK cells	HALLMARK_BILE_ACID_METABOLISM	Mutter_02	0.958	12
NK cells	HALLMARK_CHOLESTEROL_HOMEOSTASIS	Mutter_02	0.6441	12
NK cells	HALLMARK_COAGULATION	Mutter_02	0.65	12
NK cells	HALLMARK_COMPLEMENT	Mutter_02	0.9487	12
NK cells	HALLMARK_DNA_REPAIR	Mutter_02	0.4618	12
NK cells	HALLMARK_E2F_TARGETS	Mutter_02	0.7111	12
NK cells	HALLMARK_EPITHELIAL_MESENCHYMAL_TRANSITION;HALLMARK_TGF_BETA_SIGNALING	Mutter_02	0.9795	12
NK cells	HALLMARK_ESTROGEN_RESPONSE_EARLY	Mutter_02	0.9394	12
NK cells	HALLMARK_ESTROGEN_RESPONSE_LATE	Mutter_02	0.9223	12
NK cells	HALLMARK_FATTY_ACID_METABOLISM	Mutter_02	0.9265	12
NK cells	HALLMARK_G2M_CHECKPOINT	Mutter_02	0.8299	12
NK cells	HALLMARK_GLYCOLYSIS	Mutter_02	0.8949	12
NK cells	HALLMARK_HEDGEHOG_SIGNALING	Mutter_02	0.8763	12
NK cells	HALLMARK_HEME_METABOLISM	Mutter_02	0.8344	12
NK cells	HALLMARK_HYPOXIA	Mutter_02	0.9528	12
NK cells	HALLMARK_IL2_STAT5_SIGNALING	Mutter_02	0.9819	12
NK cells	HALLMARK_IL6_JAK_STAT3_SIGNALING	Mutter_02	0.9739	12
NK cells	HALLMARK_INFLAMMATORY_RESPONSE	Mutter_02	0.9697	12
NK cells	HALLMARK_INTERFERON_ALPHA_RESPONSE	Mutter_02	0.9115	12
NK cells	HALLMARK_INTERFERON_GAMMA_RESPONSE	Mutter_02	0.9486	12
NK cells	HALLMARK_KRAS_SIGNALING_DN	Mutter_02	0.7642	12
NK cells	HALLMARK_KRAS_SIGNALING_UP	Mutter_02	0.985	12
NK cells	HALLMARK_MITOTIC_SPINDLE	Mutter_02	0.9308	12
NK cells	HALLMARK_MTORC1_SIGNALING	Mutter_02	0.6718	12
NK cells	HALLMARK_MYC_TARGETS_V1	Mutter_02	0.6649	12
NK cells	HALLMARK_MYOGENESIS	Mutter_02	0.9886	12
NK cells	HALLMARK_NOTCH_SIGNALING	Mutter_02	0.9496	12
NK cells	HALLMARK_P53_PATHWAY	Mutter_02	0.5065	12
NK cells	HALLMARK_PEROXISOME	Mutter_02	0.9565	12
NK cells	HALLMARK_PI3K_AKT_MTOR_SIGNALING	Mutter_02	0.857	12
NK cells	HALLMARK_PROTEIN_SECRETION	Mutter_02	0.3319	12
NK cells	HALLMARK_REACTIVE_OXYGEN_SPECIES_PATHWAY	Mutter_02	0.9813	12
NK cells	HALLMARK_SPERMATOGENESIS	Mutter_02	0.9024	12
NK cells	HALLMARK_TNFA_SIGNALING_VIA_NFKB	Mutter_02	0.8867	12
NK cells	HALLMARK_UNFOLDED_PROTEIN_RESPONSE	Mutter_02	0.6916	12
NK cells	HALLMARK_UV_RESPONSE_DN	Mutter_02	0.9288	12
NK cells	HALLMARK_UV_RESPONSE_UP	Mutter_02	0.9147	12
NK cells	HALLMARK_WNT_BETA_CATENIN_SIGNALING	Mutter_02	0.9097	12
NK cells	HALLMARK_XENOBIOTIC_METABOLISM	Mutter_02	0.9624	12
NK cells	Hypoxia	Mutter_02	0.9559	12
NK cells	SASP	Mutter_02	0.9683	12
NK cells	Stromal_stress_senescence	Mutter_02	0.927	12
NK cells	TypeII_interferon	Mutter_02	0.9588	12
NK cells	TypeI_interferon	Mutter_02	0.8433	12
Neutrophils	Angiogenesis	Mutter_02	0.9892	12
Neutrophils	DNA_Damage_Repair	Mutter_02	0.9036	12
Neutrophils	Fibrosis_remodeling	Mutter_02	0.9947	12
Neutrophils	HALLMARK_ADIPOGENESIS	Mutter_02	0.9915	12
Neutrophils	HALLMARK_ALLOGRAFT_REJECTION	Mutter_02	0.98	12
Neutrophils	HALLMARK_ANDROGEN_RESPONSE	Mutter_02	0.9782	12
Neutrophils	HALLMARK_ANGIOGENESIS	Mutter_02	0.9685	12
Neutrophils	HALLMARK_APICAL_JUNCTION	Mutter_02	0.9389	12
Neutrophils	HALLMARK_APICAL_SURFACE	Mutter_02	0.9698	12
Neutrophils	HALLMARK_APOPTOSIS	Mutter_02	0.9527	12
Neutrophils	HALLMARK_BILE_ACID_METABOLISM	Mutter_02	0.9829	12
Neutrophils	HALLMARK_CHOLESTEROL_HOMEOSTASIS	Mutter_02	0.913	12
Neutrophils	HALLMARK_COAGULATION	Mutter_02	0.9853	12
Neutrophils	HALLMARK_COMPLEMENT	Mutter_02	0.9835	12
Neutrophils	HALLMARK_DNA_REPAIR	Mutter_02	0.9391	12
Neutrophils	HALLMARK_E2F_TARGETS	Mutter_02	0.954	12
Neutrophils	HALLMARK_EPITHELIAL_MESENCHYMAL_TRANSITION;HALLMARK_TGF_BETA_SIGNALING	Mutter_02	0.9972	12
Neutrophils	HALLMARK_ESTROGEN_RESPONSE_EARLY	Mutter_02	0.9797	12
Neutrophils	HALLMARK_ESTROGEN_RESPONSE_LATE	Mutter_02	0.9369	12
Neutrophils	HALLMARK_FATTY_ACID_METABOLISM	Mutter_02	0.9248	12
Neutrophils	HALLMARK_G2M_CHECKPOINT	Mutter_02	0.9905	12
Neutrophils	HALLMARK_GLYCOLYSIS	Mutter_02	0.9668	12
Neutrophils	HALLMARK_HEDGEHOG_SIGNALING	Mutter_02	0.9299	12
Neutrophils	HALLMARK_HEME_METABOLISM	Mutter_02	0.9283	12
Neutrophils	HALLMARK_HYPOXIA	Mutter_02	0.8926	12
Neutrophils	HALLMARK_IL2_STAT5_SIGNALING	Mutter_02	0.9466	12
Neutrophils	HALLMARK_IL6_JAK_STAT3_SIGNALING	Mutter_02	0.9595	12
Neutrophils	HALLMARK_INFLAMMATORY_RESPONSE	Mutter_02	0.9827	12
Neutrophils	HALLMARK_INTERFERON_ALPHA_RESPONSE	Mutter_02	0.913	12
Neutrophils	HALLMARK_INTERFERON_GAMMA_RESPONSE	Mutter_02	0.9465	12
Neutrophils	HALLMARK_KRAS_SIGNALING_DN	Mutter_02	0.861	12
Neutrophils	HALLMARK_KRAS_SIGNALING_UP	Mutter_02	0.9565	12
Neutrophils	HALLMARK_MITOTIC_SPINDLE	Mutter_02	0.8736	12
Neutrophils	HALLMARK_MTORC1_SIGNALING	Mutter_02	0.9765	12
Neutrophils	HALLMARK_MYC_TARGETS_V1	Mutter_02	0.9339	12
Neutrophils	HALLMARK_MYOGENESIS	Mutter_02	0.9747	12
Neutrophils	HALLMARK_NOTCH_SIGNALING	Mutter_02	0.9703	12
Neutrophils	HALLMARK_P53_PATHWAY	Mutter_02	0.9806	12
Neutrophils	HALLMARK_PEROXISOME	Mutter_02	0.9783	12
Neutrophils	HALLMARK_PI3K_AKT_MTOR_SIGNALING	Mutter_02	0.9615	12
Neutrophils	HALLMARK_PROTEIN_SECRETION	Mutter_02	0.9341	12
Neutrophils	HALLMARK_REACTIVE_OXYGEN_SPECIES_PATHWAY	Mutter_02	0.985	12
Neutrophils	HALLMARK_SPERMATOGENESIS	Mutter_02	0.9819	12
Neutrophils	HALLMARK_TNFA_SIGNALING_VIA_NFKB	Mutter_02	0.9878	12
Neutrophils	HALLMARK_UNFOLDED_PROTEIN_RESPONSE	Mutter_02	0.9663	12
Neutrophils	HALLMARK_UV_RESPONSE_DN	Mutter_02	0.995	12
Neutrophils	HALLMARK_UV_RESPONSE_UP	Mutter_02	0.9616	12
Neutrophils	HALLMARK_WNT_BETA_CATENIN_SIGNALING	Mutter_02	0.8661	12
Neutrophils	HALLMARK_XENOBIOTIC_METABOLISM	Mutter_02	0.9826	12
Neutrophils	Hypoxia	Mutter_02	0.895	12
Neutrophils	SASP	Mutter_02	0.9741	12
Neutrophils	Stromal_stress_senescence	Mutter_02	0.9836	12
Neutrophils	TypeII_interferon	Mutter_02	0.9591	12
Neutrophils	TypeI_interferon	Mutter_02	0.9693	12
Plasma cells	Angiogenesis	Mutter_02	0.9164	12
Plasma cells	DNA_Damage_Repair	Mutter_02	0.9746	12
Plasma cells	Fibrosis_remodeling	Mutter_02	0.9925	12
Plasma cells	HALLMARK_ADIPOGENESIS	Mutter_02	0.8772	12
Plasma cells	HALLMARK_ALLOGRAFT_REJECTION	Mutter_02	0.9697	12
Plasma cells	HALLMARK_ANDROGEN_RESPONSE	Mutter_02	0.9514	12
Plasma cells	HALLMARK_ANGIOGENESIS	Mutter_02	0.9815	12
Plasma cells	HALLMARK_APICAL_JUNCTION	Mutter_02	0.981	12
Plasma cells	HALLMARK_APICAL_SURFACE	Mutter_02	0.8292	12
Plasma cells	HALLMARK_APOPTOSIS	Mutter_02	0.9872	12
Plasma cells	HALLMARK_BILE_ACID_METABOLISM	Mutter_02	0.9507	12
Plasma cells	HALLMARK_CHOLESTEROL_HOMEOSTASIS	Mutter_02	0.9552	12
Plasma cells	HALLMARK_COAGULATION	Mutter_02	0.9385	12
Plasma cells	HALLMARK_COMPLEMENT	Mutter_02	0.9396	12
Plasma cells	HALLMARK_DNA_REPAIR	Mutter_02	0.9912	12
Plasma cells	HALLMARK_E2F_TARGETS	Mutter_02	0.9559	12
Plasma cells	HALLMARK_EPITHELIAL_MESENCHYMAL_TRANSITION;HALLMARK_TGF_BETA_SIGNALING	Mutter_02	0.9855	12
Plasma cells	HALLMARK_ESTROGEN_RESPONSE_EARLY	Mutter_02	0.9783	12
Plasma cells	HALLMARK_ESTROGEN_RESPONSE_LATE	Mutter_02	0.9473	12
Plasma cells	HALLMARK_FATTY_ACID_METABOLISM	Mutter_02	0.9468	12
Plasma cells	HALLMARK_G2M_CHECKPOINT	Mutter_02	0.9149	12
Plasma cells	HALLMARK_GLYCOLYSIS	Mutter_02	0.9629	12
Plasma cells	HALLMARK_HEDGEHOG_SIGNALING	Mutter_02	0.974	12
Plasma cells	HALLMARK_HEME_METABOLISM	Mutter_02	0.9575	12
Plasma cells	HALLMARK_HYPOXIA	Mutter_02	0.9491	12
Plasma cells	HALLMARK_IL2_STAT5_SIGNALING	Mutter_02	0.8953	12
Plasma cells	HALLMARK_IL6_JAK_STAT3_SIGNALING	Mutter_02	0.9892	12
Plasma cells	HALLMARK_INFLAMMATORY_RESPONSE	Mutter_02	0.9845	12
Plasma cells	HALLMARK_INTERFERON_ALPHA_RESPONSE	Mutter_02	0.9361	12
Plasma cells	HALLMARK_INTERFERON_GAMMA_RESPONSE	Mutter_02	0.9667	12
Plasma cells	HALLMARK_KRAS_SIGNALING_DN	Mutter_02	0.8353	12
Plasma cells	HALLMARK_KRAS_SIGNALING_UP	Mutter_02	0.97	12
Plasma cells	HALLMARK_MITOTIC_SPINDLE	Mutter_02	0.9435	12
Plasma cells	HALLMARK_MTORC1_SIGNALING	Mutter_02	0.8929	12
Plasma cells	HALLMARK_MYC_TARGETS_V1	Mutter_02	0.9494	12
Plasma cells	HALLMARK_MYOGENESIS	Mutter_02	0.9725	12
Plasma cells	HALLMARK_NOTCH_SIGNALING	Mutter_02	0.9852	12
Plasma cells	HALLMARK_P53_PATHWAY	Mutter_02	0.9931	12
Plasma cells	HALLMARK_PEROXISOME	Mutter_02	0.9517	12
Plasma cells	HALLMARK_PI3K_AKT_MTOR_SIGNALING	Mutter_02	0.8946	12
Plasma cells	HALLMARK_PROTEIN_SECRETION	Mutter_02	0.8394	12
Plasma cells	HALLMARK_REACTIVE_OXYGEN_SPECIES_PATHWAY	Mutter_02	0.9809	12
Plasma cells	HALLMARK_SPERMATOGENESIS	Mutter_02	0.9409	12
Plasma cells	HALLMARK_TNFA_SIGNALING_VIA_NFKB	Mutter_02	0.9577	12
Plasma cells	HALLMARK_UNFOLDED_PROTEIN_RESPONSE	Mutter_02	0.9281	12
Plasma cells	HALLMARK_UV_RESPONSE_DN	Mutter_02	0.993	12
Plasma cells	HALLMARK_UV_RESPONSE_UP	Mutter_02	0.9673	12
Plasma cells	HALLMARK_WNT_BETA_CATENIN_SIGNALING	Mutter_02	0.9431	12
Plasma cells	HALLMARK_XENOBIOTIC_METABOLISM	Mutter_02	0.9637	12
Plasma cells	Hypoxia	Mutter_02	0.8975	12
Plasma cells	SASP	Mutter_02	0.9933	12
Plasma cells	Stromal_stress_senescence	Mutter_02	0.9658	12
Plasma cells	TypeII_interferon	Mutter_02	0.9546	12
Plasma cells	TypeI_interferon	Mutter_02	0.9613	12
SmoothMuscle	Angiogenesis	Mutter_02	0.947	12
SmoothMuscle	DNA_Damage_Repair	Mutter_02	0.8173	12
SmoothMuscle	Fibrosis_remodeling	Mutter_02	0.9962	12
SmoothMuscle	HALLMARK_ADIPOGENESIS	Mutter_02	0.9615	12
SmoothMuscle	HALLMARK_ALLOGRAFT_REJECTION	Mutter_02	0.9994	12
SmoothMuscle	HALLMARK_ANDROGEN_RESPONSE	Mutter_02	0.9607	12
SmoothMuscle	HALLMARK_ANGIOGENESIS	Mutter_02	0.9795	12
SmoothMuscle	HALLMARK_APICAL_JUNCTION	Mutter_02	0.9784	12
SmoothMuscle	HALLMARK_APICAL_SURFACE	Mutter_02	0.9412	12
SmoothMuscle	HALLMARK_APOPTOSIS	Mutter_02	0.9834	12
SmoothMuscle	HALLMARK_BILE_ACID_METABOLISM	Mutter_02	0.9886	12
SmoothMuscle	HALLMARK_CHOLESTEROL_HOMEOSTASIS	Mutter_02	0.8492	12
SmoothMuscle	HALLMARK_COAGULATION	Mutter_02	0.9656	12
SmoothMuscle	HALLMARK_COMPLEMENT	Mutter_02	0.8596	12
SmoothMuscle	HALLMARK_DNA_REPAIR	Mutter_02	0.8134	12
SmoothMuscle	HALLMARK_E2F_TARGETS	Mutter_02	0.9251	12
SmoothMuscle	HALLMARK_EPITHELIAL_MESENCHYMAL_TRANSITION;HALLMARK_TGF_BETA_SIGNALING	Mutter_02	0.9817	12
SmoothMuscle	HALLMARK_ESTROGEN_RESPONSE_EARLY	Mutter_02	0.8707	12
SmoothMuscle	HALLMARK_ESTROGEN_RESPONSE_LATE	Mutter_02	0.9967	12
SmoothMuscle	HALLMARK_FATTY_ACID_METABOLISM	Mutter_02	0.9424	12
SmoothMuscle	HALLMARK_G2M_CHECKPOINT	Mutter_02	0.8751	12
SmoothMuscle	HALLMARK_GLYCOLYSIS	Mutter_02	0.9186	12
SmoothMuscle	HALLMARK_HEDGEHOG_SIGNALING	Mutter_02	0.8477	12
SmoothMuscle	HALLMARK_HEME_METABOLISM	Mutter_02	0.7634	12
SmoothMuscle	HALLMARK_HYPOXIA	Mutter_02	0.9498	12
SmoothMuscle	HALLMARK_IL2_STAT5_SIGNALING	Mutter_02	0.9742	12
SmoothMuscle	HALLMARK_IL6_JAK_STAT3_SIGNALING	Mutter_02	0.994	12
SmoothMuscle	HALLMARK_INFLAMMATORY_RESPONSE	Mutter_02	0.9856	12
SmoothMuscle	HALLMARK_INTERFERON_ALPHA_RESPONSE	Mutter_02	0.9822	12
SmoothMuscle	HALLMARK_INTERFERON_GAMMA_RESPONSE	Mutter_02	0.9952	12
SmoothMuscle	HALLMARK_KRAS_SIGNALING_DN	Mutter_02	0.658	12
SmoothMuscle	HALLMARK_KRAS_SIGNALING_UP	Mutter_02	0.9954	12
SmoothMuscle	HALLMARK_MITOTIC_SPINDLE	Mutter_02	0.9417	12
SmoothMuscle	HALLMARK_MTORC1_SIGNALING	Mutter_02	0.9709	12
SmoothMuscle	HALLMARK_MYC_TARGETS_V1	Mutter_02	0.8743	12
SmoothMuscle	HALLMARK_MYOGENESIS	Mutter_02	0.9987	12
SmoothMuscle	HALLMARK_NOTCH_SIGNALING	Mutter_02	0.6526	12
SmoothMuscle	HALLMARK_P53_PATHWAY	Mutter_02	0.9388	12
SmoothMuscle	HALLMARK_PEROXISOME	Mutter_02	0.6792	12
SmoothMuscle	HALLMARK_PI3K_AKT_MTOR_SIGNALING	Mutter_02	0.9658	12
SmoothMuscle	HALLMARK_PROTEIN_SECRETION	Mutter_02	0.9671	12
SmoothMuscle	HALLMARK_REACTIVE_OXYGEN_SPECIES_PATHWAY	Mutter_02	0.9546	12
SmoothMuscle	HALLMARK_SPERMATOGENESIS	Mutter_02	0.917	12
SmoothMuscle	HALLMARK_TNFA_SIGNALING_VIA_NFKB	Mutter_02	0.9452	12
SmoothMuscle	HALLMARK_UNFOLDED_PROTEIN_RESPONSE	Mutter_02	0.7673	12
SmoothMuscle	HALLMARK_UV_RESPONSE_DN	Mutter_02	0.9408	12
SmoothMuscle	HALLMARK_UV_RESPONSE_UP	Mutter_02	0.9022	12
SmoothMuscle	HALLMARK_WNT_BETA_CATENIN_SIGNALING	Mutter_02	0.2252	12
SmoothMuscle	HALLMARK_XENOBIOTIC_METABOLISM	Mutter_02	0.6991	12
SmoothMuscle	Hypoxia	Mutter_02	0.971	12
SmoothMuscle	SASP	Mutter_02	0.9681	12
SmoothMuscle	Stromal_stress_senescence	Mutter_02	0.9916	12
SmoothMuscle	TypeII_interferon	Mutter_02	0.9508	12
SmoothMuscle	TypeI_interferon	Mutter_02	0.9154	12
T cells	Angiogenesis	Mutter_02	0.9804	12
T cells	DNA_Damage_Repair	Mutter_02	0.9797	12
T cells	Fibrosis_remodeling	Mutter_02	0.9964	12
T cells	HALLMARK_ADIPOGENESIS	Mutter_02	0.9762	12
T cells	HALLMARK_ALLOGRAFT_REJECTION	Mutter_02	0.9983	12
T cells	HALLMARK_ANDROGEN_RESPONSE	Mutter_02	0.9326	12
T cells	HALLMARK_ANGIOGENESIS	Mutter_02	0.9735	12
T cells	HALLMARK_APICAL_JUNCTION	Mutter_02	0.9791	12
T cells	HALLMARK_APICAL_SURFACE	Mutter_02	0.96	12
T cells	HALLMARK_APOPTOSIS	Mutter_02	0.9924	12
T cells	HALLMARK_BILE_ACID_METABOLISM	Mutter_02	0.9558	12
T cells	HALLMARK_CHOLESTEROL_HOMEOSTASIS	Mutter_02	0.9522	12
T cells	HALLMARK_COAGULATION	Mutter_02	0.9051	12
T cells	HALLMARK_COMPLEMENT	Mutter_02	0.9906	12
T cells	HALLMARK_DNA_REPAIR	Mutter_02	0.9635	12
T cells	HALLMARK_E2F_TARGETS	Mutter_02	0.9743	12
T cells	HALLMARK_EPITHELIAL_MESENCHYMAL_TRANSITION;HALLMARK_TGF_BETA_SIGNALING	Mutter_02	0.9903	12
T cells	HALLMARK_ESTROGEN_RESPONSE_EARLY	Mutter_02	0.9532	12
T cells	HALLMARK_ESTROGEN_RESPONSE_LATE	Mutter_02	0.9872	12
T cells	HALLMARK_FATTY_ACID_METABOLISM	Mutter_02	0.9823	12
T cells	HALLMARK_G2M_CHECKPOINT	Mutter_02	0.9866	12
T cells	HALLMARK_GLYCOLYSIS	Mutter_02	0.9549	12
T cells	HALLMARK_HEDGEHOG_SIGNALING	Mutter_02	0.9265	12
T cells	HALLMARK_HEME_METABOLISM	Mutter_02	0.8683	12
T cells	HALLMARK_HYPOXIA	Mutter_02	0.942	12
T cells	HALLMARK_IL2_STAT5_SIGNALING	Mutter_02	0.9918	12
T cells	HALLMARK_IL6_JAK_STAT3_SIGNALING	Mutter_02	0.9936	12
T cells	HALLMARK_INFLAMMATORY_RESPONSE	Mutter_02	0.9869	12
T cells	HALLMARK_INTERFERON_ALPHA_RESPONSE	Mutter_02	0.9713	12
T cells	HALLMARK_INTERFERON_GAMMA_RESPONSE	Mutter_02	0.9867	12
T cells	HALLMARK_KRAS_SIGNALING_DN	Mutter_02	0.7586	12
T cells	HALLMARK_KRAS_SIGNALING_UP	Mutter_02	0.9803	12
T cells	HALLMARK_MITOTIC_SPINDLE	Mutter_02	0.9345	12
T cells	HALLMARK_MTORC1_SIGNALING	Mutter_02	0.9193	12
T cells	HALLMARK_MYC_TARGETS_V1	Mutter_02	0.931	12
T cells	HALLMARK_MYOGENESIS	Mutter_02	0.9936	12
T cells	HALLMARK_NOTCH_SIGNALING	Mutter_02	0.9489	12
T cells	HALLMARK_P53_PATHWAY	Mutter_02	0.9708	12
T cells	HALLMARK_PEROXISOME	Mutter_02	0.9044	12
T cells	HALLMARK_PI3K_AKT_MTOR_SIGNALING	Mutter_02	0.9406	12
T cells	HALLMARK_PROTEIN_SECRETION	Mutter_02	0.9673	12
T cells	HALLMARK_REACTIVE_OXYGEN_SPECIES_PATHWAY	Mutter_02	0.9543	12
T cells	HALLMARK_SPERMATOGENESIS	Mutter_02	0.9238	12
T cells	HALLMARK_TNFA_SIGNALING_VIA_NFKB	Mutter_02	0.9835	12
T cells	HALLMARK_UNFOLDED_PROTEIN_RESPONSE	Mutter_02	0.9789	12
T cells	HALLMARK_UV_RESPONSE_DN	Mutter_02	0.9802	12
T cells	HALLMARK_UV_RESPONSE_UP	Mutter_02	0.9561	12
T cells	HALLMARK_WNT_BETA_CATENIN_SIGNALING	Mutter_02	0.9554	12
T cells	HALLMARK_XENOBIOTIC_METABOLISM	Mutter_02	0.9336	12
T cells	Hypoxia	Mutter_02	0.9858	12
T cells	SASP	Mutter_02	0.9466	12
T cells	Stromal_stress_senescence	Mutter_02	0.9929	12
T cells	TypeII_interferon	Mutter_02	0.9818	12
T cells	TypeI_interferon	Mutter_02	0.9556	12
Tumor	Angiogenesis	Mutter_02	0.9006	12
Tumor	DNA_Damage_Repair	Mutter_02	0.8429	12
Tumor	Fibrosis_remodeling	Mutter_02	0.9732	12
Tumor	HALLMARK_ADIPOGENESIS	Mutter_02	0.9436	12
Tumor	HALLMARK_ALLOGRAFT_REJECTION	Mutter_02	0.9979	12
Tumor	HALLMARK_ANDROGEN_RESPONSE	Mutter_02	0.9775	12
Tumor	HALLMARK_ANGIOGENESIS	Mutter_02	0.9758	12
Tumor	HALLMARK_APICAL_JUNCTION	Mutter_02	0.9898	12
Tumor	HALLMARK_APICAL_SURFACE	Mutter_02	0.8829	12
Tumor	HALLMARK_APOPTOSIS	Mutter_02	0.8563	12
Tumor	HALLMARK_BILE_ACID_METABOLISM	Mutter_02	0.9822	12
Tumor	HALLMARK_CHOLESTEROL_HOMEOSTASIS	Mutter_02	0.4196	12
Tumor	HALLMARK_COAGULATION	Mutter_02	0.8748	12
Tumor	HALLMARK_COMPLEMENT	Mutter_02	0.9509	12
Tumor	HALLMARK_DNA_REPAIR	Mutter_02	0.8884	12
Tumor	HALLMARK_E2F_TARGETS	Mutter_02	0.8871	12
Tumor	HALLMARK_EPITHELIAL_MESENCHYMAL_TRANSITION;HALLMARK_TGF_BETA_SIGNALING	Mutter_02	0.978	12
Tumor	HALLMARK_ESTROGEN_RESPONSE_EARLY	Mutter_02	0.9934	12
Tumor	HALLMARK_ESTROGEN_RESPONSE_LATE	Mutter_02	0.9623	12
Tumor	HALLMARK_FATTY_ACID_METABOLISM	Mutter_02	0.8459	12
Tumor	HALLMARK_G2M_CHECKPOINT	Mutter_02	0.9296	12
Tumor	HALLMARK_GLYCOLYSIS	Mutter_02	0.6592	12
Tumor	HALLMARK_HEDGEHOG_SIGNALING	Mutter_02	0.7886	12
Tumor	HALLMARK_HEME_METABOLISM	Mutter_02	0.9045	12
Tumor	HALLMARK_HYPOXIA	Mutter_02	0.7919	12
Tumor	HALLMARK_IL2_STAT5_SIGNALING	Mutter_02	0.977	12
Tumor	HALLMARK_IL6_JAK_STAT3_SIGNALING	Mutter_02	0.9843	12
Tumor	HALLMARK_INFLAMMATORY_RESPONSE	Mutter_02	0.9845	12
Tumor	HALLMARK_INTERFERON_ALPHA_RESPONSE	Mutter_02	0.9823	12
Tumor	HALLMARK_INTERFERON_GAMMA_RESPONSE	Mutter_02	0.9929	12
Tumor	HALLMARK_KRAS_SIGNALING_DN	Mutter_02	0.1137	12
Tumor	HALLMARK_KRAS_SIGNALING_UP	Mutter_02	0.9353	12
Tumor	HALLMARK_MITOTIC_SPINDLE	Mutter_02	0.942	12
Tumor	HALLMARK_MTORC1_SIGNALING	Mutter_02	0.5816	12
Tumor	HALLMARK_MYC_TARGETS_V1	Mutter_02	0.4192	12
Tumor	HALLMARK_MYOGENESIS	Mutter_02	0.9898	12
Tumor	HALLMARK_NOTCH_SIGNALING	Mutter_02	0.9852	12
Tumor	HALLMARK_P53_PATHWAY	Mutter_02	0.6205	12
Tumor	HALLMARK_PEROXISOME	Mutter_02	0.9323	12
Tumor	HALLMARK_PI3K_AKT_MTOR_SIGNALING	Mutter_02	0.7168	12
Tumor	HALLMARK_PROTEIN_SECRETION	Mutter_02	0.6261	12
Tumor	HALLMARK_REACTIVE_OXYGEN_SPECIES_PATHWAY	Mutter_02	0.9559	12
Tumor	HALLMARK_SPERMATOGENESIS	Mutter_02	0.8873	12
Tumor	HALLMARK_TNFA_SIGNALING_VIA_NFKB	Mutter_02	0.8848	12
Tumor	HALLMARK_UNFOLDED_PROTEIN_RESPONSE	Mutter_02	0.2371	12
Tumor	HALLMARK_UV_RESPONSE_DN	Mutter_02	0.9479	12
Tumor	HALLMARK_UV_RESPONSE_UP	Mutter_02	0.8117	12
Tumor	HALLMARK_WNT_BETA_CATENIN_SIGNALING	Mutter_02	0.9407	12
Tumor	HALLMARK_XENOBIOTIC_METABOLISM	Mutter_02	0.897	12
Tumor	Hypoxia	Mutter_02	0.8801	12
Tumor	SASP	Mutter_02	0.9813	12
Tumor	Stromal_stress_senescence	Mutter_02	0.8161	12
Tumor	TypeII_interferon	Mutter_02	0.9799	12
Tumor	TypeI_interferon	Mutter_02	0.9751	12
