set	gene	cell_group	detect_frac	mean_count	target_group	is_target	target_detect	near_floor
Angiogenesis	Angpt1	Endothelial	0.00595029751487574	0.00689534476723836	Endothelial	TRUE	0.00595029751487574	TRUE
Angiogenesis	Angpt1	all	0.0103782028921676	0.0124978010459494	Endothelial	FALSE	0.00595029751487574	TRUE
Angiogenesis	Angpt1	immune	0.00948706309577848	0.0109623241034952	Endothelial	FALSE	0.00595029751487574	TRUE
Angiogenesis	Angpt1	stroma	0.00590307767828848	0.00720175476751195	Endothelial	FALSE	0.00595029751487574	TRUE
Angiogenesis	Angpt1	tumor	0.0132992000787691	0.0160361168397304	Endothelial	FALSE	0.00595029751487574	TRUE
Angiogenesis	Angpt2	Endothelial	0.0812040602030102	0.125481274063703	Endothelial	TRUE	0.0812040602030102	FALSE
Angiogenesis	Angpt2	all	0.0421859388232703	0.0547805153531079	Endothelial	FALSE	0.0812040602030102	FALSE
Angiogenesis	Angpt2	immune	0.0318974126191557	0.040458465728552	Endothelial	FALSE	0.0812040602030102	FALSE
Angiogenesis	Angpt2	stroma	0.0276785991685981	0.0369085271510504	Endothelial	FALSE	0.0812040602030102	FALSE
Angiogenesis	Angpt2	tumor	0.0529091086712877	0.0682698424542097	Endothelial	FALSE	0.0812040602030102	FALSE
Angiogenesis	Cdh5	Endothelial	0.254812740637032	0.558312915645782	Endothelial	TRUE	0.254812740637032	FALSE
Angiogenesis	Cdh5	all	0.0476389147554226	0.0660193748819877	Endothelial	FALSE	0.254812740637032	FALSE
Angiogenesis	Cdh5	immune	0.0496504766227871	0.0659555152065366	Endothelial	FALSE	0.254812740637032	FALSE
Angiogenesis	Cdh5	stroma	0.0407958591463528	0.064527474166268	Endothelial	FALSE	0.254812740637032	FALSE
Angiogenesis	Cdh5	tumor	0.0515337272298602	0.066953691645327	Endothelial	FALSE	0.254812740637032	FALSE
Angiogenesis	Dll4	Endothelial	0.0235561778088904	0.0298214910745537	Endothelial	TRUE	0.0235561778088904	TRUE
Angiogenesis	Dll4	all	0.00789816982506003	0.00883237582952719	Endothelial	FALSE	0.0235561778088904	TRUE
Angiogenesis	Dll4	immune	0.00682705401724921	0.00733091239219247	Endothelial	FALSE	0.0235561778088904	TRUE
Angiogenesis	Dll4	stroma	0.00442544412892322	0.00505054898622408	Endothelial	FALSE	0.0235561778088904	TRUE
Angiogenesis	Dll4	tumor	0.0102292071633681	0.0114276659361555	Endothelial	FALSE	0.0235561778088904	TRUE
Angiogenesis	Flt1	Endothelial	0.143542177108855	0.23871193559678	Endothelial	TRUE	0.143542177108855	FALSE
Angiogenesis	Flt1	all	0.0626072863767216	0.0792281531495689	Endothelial	FALSE	0.143542177108855	FALSE
Angiogenesis	Flt1	immune	0.0461870177031321	0.055864729913754	Endothelial	FALSE	0.143542177108855	FALSE
Angiogenesis	Flt1	stroma	0.036345559953521	0.0468604947400471	Endothelial	FALSE	0.143542177108855	FALSE
Angiogenesis	Flt1	tumor	0.0816451962033934	0.103222069487532	Endothelial	FALSE	0.143542177108855	FALSE
Angiogenesis	Kdr	Endothelial	0.136296814840742	0.225341267063353	Endothelial	TRUE	0.136296814840742	FALSE
Angiogenesis	Kdr	all	0.0347191725997207	0.0426392782011287	Endothelial	FALSE	0.136296814840742	FALSE
Angiogenesis	Kdr	immune	0.0601316386745347	0.0766318656377667	Endothelial	FALSE	0.136296814840742	FALSE
Angiogenesis	Kdr	stroma	0.0270199399750207	0.0351562451454953	Endothelial	FALSE	0.136296814840742	FALSE
Angiogenesis	Kdr	tumor	0.0351783803575838	0.0415106734369075	Endothelial	FALSE	0.136296814840742	FALSE
Angiogenesis	Notch1	Endothelial	0.0162058102905145	0.0186559327966398	Endothelial	TRUE	0.0162058102905145	TRUE
Angiogenesis	Notch1	all	0.0166032321291166	0.0187942290843448	Endothelial	FALSE	0.0162058102905145	TRUE
Angiogenesis	Notch1	immune	0.0158374943259192	0.0175124829777576	Endothelial	FALSE	0.0162058102905145	TRUE
Angiogenesis	Notch1	stroma	0.00667358465945456	0.00749504452163323	Endothelial	FALSE	0.0162058102905145	TRUE
Angiogenesis	Notch1	tumor	0.0228791779711278	0.0260053246030971	Endothelial	FALSE	0.0162058102905145	TRUE
Angiogenesis	Pdgfb	Endothelial	0.126041302065103	0.207140357017851	Endothelial	TRUE	0.126041302065103	FALSE
Angiogenesis	Pdgfb	all	0.049917224702781	0.0646176357620252	Endothelial	FALSE	0.126041302065103	FALSE
Angiogenesis	Pdgfb	immune	0.0502995914661825	0.0635950975941897	Endothelial	FALSE	0.126041302065103	FALSE
Angiogenesis	Pdgfb	stroma	0.0297875513412414	0.039345566167287	Endothelial	FALSE	0.126041302065103	FALSE
Angiogenesis	Pdgfb	tumor	0.0623113946660123	0.0804321220797183	Endothelial	FALSE	0.126041302065103	FALSE
Angiogenesis	Pecam1	Endothelial	0.0622331116555828	0.0863143157157858	Endothelial	TRUE	0.0622331116555828	FALSE
Angiogenesis	Pecam1	all	0.0110199318786616	0.0124371550760462	Endothelial	FALSE	0.0622331116555828	FALSE
Angiogenesis	Pecam1	immune	0.0158828869723105	0.0184157966409442	Endothelial	FALSE	0.0622331116555828	FALSE
Angiogenesis	Pecam1	stroma	0.00712346131619991	0.00855014198455258	Endothelial	FALSE	0.0622331116555828	FALSE
Angiogenesis	Pecam1	tumor	0.0126076632130849	0.013829968084689	Endothelial	FALSE	0.0622331116555828	FALSE
Angiogenesis	Tek	Endothelial	0.130626531326566	0.20350017500875	Endothelial	TRUE	0.130626531326566	FALSE
Angiogenesis	Tek	all	0.06015865157772	0.0782393227608626	Endothelial	FALSE	0.130626531326566	FALSE
Angiogenesis	Tek	immune	0.0560099863822061	0.0713481615978211	Endothelial	FALSE	0.130626531326566	FALSE
Angiogenesis	Tek	stroma	0.0480411102757048	0.0645026191023594	Endothelial	FALSE	0.130626531326566	FALSE
Angiogenesis	Tek	tumor	0.0683621499335002	0.0879097971312374	Endothelial	FALSE	0.130626531326566	FALSE
Angiogenesis	Tie1	Endothelial	0.191459572978649	0.353867693384669	Endothelial	TRUE	0.191459572978649	FALSE
Angiogenesis	Tie1	all	0.0546592234133014	0.0732297936015491	Endothelial	FALSE	0.191459572978649	FALSE
Angiogenesis	Tie1	immune	0.0446754425783023	0.0569541534271448	Endothelial	FALSE	0.191459572978649	FALSE
Angiogenesis	Tie1	stroma	0.0399843413097376	0.0569528934401273	Endothelial	FALSE	0.191459572978649	FALSE
Angiogenesis	Tie1	tumor	0.0654344643820053	0.0860628783164347	Endothelial	FALSE	0.191459572978649	FALSE
Angiogenesis	Vegfa	Endothelial	0.0893594679733987	0.133006650332517	Endothelial	TRUE	0.0893594679733987	FALSE
Angiogenesis	Vegfa	all	0.169609573288934	0.313071271057808	Endothelial	FALSE	0.0893594679733987	FALSE
Angiogenesis	Vegfa	immune	0.14635497049478	0.264875170222424	Endothelial	FALSE	0.0893594679733987	FALSE
Angiogenesis	Vegfa	stroma	0.105261195652849	0.192328484524616	Endothelial	FALSE	0.0893594679733987	FALSE
Angiogenesis	Vegfa	tumor	0.213379507585752	0.395972932370156	Endothelial	FALSE	0.0893594679733987	FALSE
Angiogenesis	Vegfc	Endothelial	0.047812390619531	0.0606930346517326	Endothelial	TRUE	0.047812390619531	TRUE
Angiogenesis	Vegfc	all	0.0634959003754459	0.0814053864804219	Endothelial	FALSE	0.047812390619531	TRUE
Angiogenesis	Vegfc	immune	0.0589605083976396	0.0737358147980027	Endothelial	FALSE	0.047812390619531	TRUE
Angiogenesis	Vegfc	stroma	0.0375460595403056	0.0476496430191446	Endothelial	FALSE	0.047812390619531	TRUE
Angiogenesis	Vegfc	tumor	0.0803267377075284	0.103598991694635	Endothelial	FALSE	0.047812390619531	TRUE
Angiogenesis	Vwf	Endothelial	0.0551627581379069	0.0840742037101855	Endothelial	TRUE	0.0551627581379069	FALSE
Angiogenesis	Vwf	all	0.023478592617794	0.0274975709353544	Endothelial	FALSE	0.0551627581379069	FALSE
Angiogenesis	Vwf	immune	0.0261870177031321	0.0303132092600999	Endothelial	FALSE	0.0551627581379069	FALSE
Angiogenesis	Vwf	stroma	0.0167634978531439	0.0206943262102863	Endothelial	FALSE	0.0551627581379069	FALSE
Angiogenesis	Vwf	tumor	0.0271760911320974	0.0312314663889237	Endothelial	FALSE	0.0551627581379069	FALSE
DNA_Damage_Repair	Atm	Endothelial	0.0188659432971649	0.0246412320616031	tumor	FALSE	0.0530983390038331	FALSE
DNA_Damage_Repair	Atm	all	0.0373484549686469	0.0525267218616678	tumor	FALSE	0.0530983390038331	FALSE
DNA_Damage_Repair	Atm	immune	0.0250567408079891	0.0327144802541988	tumor	FALSE	0.0530983390038331	FALSE
DNA_Damage_Repair	Atm	stroma	0.0152684657590426	0.0210398115986156	tumor	FALSE	0.0530983390038331	FALSE
DNA_Damage_Repair	Atm	tumor	0.0530983390038331	0.0753736722146026	tumor	TRUE	0.0530983390038331	FALSE
DNA_Damage_Repair	Atr	Endothelial	0.0233111655582779	0.027756387819391	tumor	FALSE	0.051487573490215	FALSE
DNA_Damage_Repair	Atr	all	0.0379402908167808	0.0473954706492861	tumor	FALSE	0.051487573490215	FALSE
DNA_Damage_Repair	Atr	immune	0.0354925102133454	0.0430957784838856	tumor	FALSE	0.051487573490215	FALSE
DNA_Damage_Repair	Atr	stroma	0.0167237297508901	0.0204221632604873	tumor	FALSE	0.051487573490215	FALSE
DNA_Damage_Repair	Atr	tumor	0.051487573490215	0.0648198504157298	tumor	TRUE	0.051487573490215	FALSE
DNA_Damage_Repair	Bax	Endothelial	0.207560378018901	0.320826041302065	tumor	FALSE	0.210464129698162	FALSE
DNA_Damage_Repair	Bax	all	0.173942964400816	0.2478747028455	tumor	FALSE	0.210464129698162	FALSE
DNA_Damage_Repair	Bax	immune	0.248066273263731	0.38500226963232	tumor	FALSE	0.210464129698162	FALSE
DNA_Damage_Repair	Bax	stroma	0.0946468406106889	0.126257510889625	tumor	FALSE	0.210464129698162	FALSE
DNA_Damage_Repair	Bax	tumor	0.210464129698162	0.299914692504556	tumor	TRUE	0.210464129698162	FALSE
DNA_Damage_Repair	Brca1	Endothelial	0.0497024851242562	0.0624081204060203	tumor	FALSE	0.107533597999389	FALSE
DNA_Damage_Repair	Brca1	all	0.078683199646963	0.104573867436512	tumor	FALSE	0.107533597999389	FALSE
DNA_Damage_Repair	Brca1	immune	0.0600635497049478	0.075192918747163	tumor	FALSE	0.107533597999389	FALSE
DNA_Damage_Repair	Brca1	stroma	0.037170748075286	0.0471475707281912	tumor	FALSE	0.107533597999389	FALSE
DNA_Damage_Repair	Brca1	tumor	0.107533597999389	0.145098126696631	tumor	TRUE	0.107533597999389	FALSE
DNA_Damage_Repair	Cdkn1a	Endothelial	0.180574028701435	0.300315015750788	tumor	FALSE	0.101945149357348	FALSE
DNA_Damage_Repair	Cdkn1a	all	0.113579578910515	0.170457326527795	tumor	FALSE	0.101945149357348	FALSE
DNA_Damage_Repair	Cdkn1a	immune	0.268379482523831	0.525946436677258	tumor	FALSE	0.101945149357348	FALSE
DNA_Damage_Repair	Cdkn1a	stroma	0.0899952154001976	0.130151056650904	tumor	FALSE	0.101945149357348	FALSE
DNA_Damage_Repair	Cdkn1a	tumor	0.101945149357348	0.135164303466992	tumor	TRUE	0.101945149357348	FALSE
DNA_Damage_Repair	Chek1	Endothelial	0.0531676583829191	0.0652782639131957	tumor	FALSE	0.148088119796647	FALSE
DNA_Damage_Repair	Chek1	all	0.105048282364195	0.146755935240427	tumor	FALSE	0.148088119796647	FALSE
DNA_Damage_Repair	Chek1	immune	0.0582115297321834	0.0727871084884249	tumor	FALSE	0.148088119796647	FALSE
DNA_Damage_Repair	Chek1	stroma	0.0483368855362169	0.0619872866348108	tumor	FALSE	0.148088119796647	FALSE
DNA_Damage_Repair	Chek1	tumor	0.148088119796647	0.211760280553199	tumor	TRUE	0.148088119796647	FALSE
DNA_Damage_Repair	Chek2	Endothelial	0.0205110255512776	0.0241862093104655	tumor	FALSE	0.0422529794162014	TRUE
DNA_Damage_Repair	Chek2	all	0.0307384743624539	0.0385437397229813	tumor	FALSE	0.0422529794162014	TRUE
DNA_Damage_Repair	Chek2	immune	0.026749886518384	0.0322242396731729	tumor	FALSE	0.0422529794162014	TRUE
DNA_Damage_Repair	Chek2	stroma	0.0132278650121479	0.0161508205277973	tumor	FALSE	0.0422529794162014	TRUE
DNA_Damage_Repair	Chek2	tumor	0.0422529794162014	0.0534752612109357	tumor	TRUE	0.0422529794162014	TRUE
DNA_Damage_Repair	Ddit3	Endothelial	0.0719985999299965	0.092159607980399	tumor	FALSE	0.124135098149773	FALSE
DNA_Damage_Repair	Ddit3	all	0.100765214503935	0.137060752207879	tumor	FALSE	0.124135098149773	FALSE
DNA_Damage_Repair	Ddit3	immune	0.0929142078983205	0.121239219246482	tumor	FALSE	0.124135098149773	FALSE
DNA_Damage_Repair	Ddit3	stroma	0.0651575500363505	0.0840722536707822	tumor	FALSE	0.124135098149773	FALSE
DNA_Damage_Repair	Ddit3	tumor	0.124135098149773	0.172538832602694	tumor	TRUE	0.124135098149773	FALSE
DNA_Damage_Repair	Gadd45b	Endothelial	0.120091004550228	0.165838291914596	tumor	FALSE	0.295679317663113	FALSE
DNA_Damage_Repair	Gadd45b	all	0.221479512199948	0.36634466954183	tumor	FALSE	0.295679317663113	FALSE
DNA_Damage_Repair	Gadd45b	immune	0.205778483885611	0.32234226055379	tumor	FALSE	0.295679317663113	FALSE
DNA_Damage_Repair	Gadd45b	stroma	0.105901213548495	0.156926174246426	tumor	FALSE	0.295679317663113	FALSE
DNA_Damage_Repair	Gadd45b	tumor	0.295679317663113	0.503424992096172	tumor	TRUE	0.295679317663113	FALSE
DNA_Damage_Repair	Parp1	Endothelial	0.0616380819040952	0.0793139656982849	tumor	FALSE	0.11545204126452	FALSE
DNA_Damage_Repair	Parp1	all	0.0922184338801937	0.126745345851923	tumor	FALSE	0.11545204126452	FALSE
DNA_Damage_Repair	Parp1	immune	0.103658647299138	0.140785292782569	tumor	FALSE	0.11545204126452	FALSE
DNA_Damage_Repair	Parp1	stroma	0.0515506452995967	0.0666886219731192	tumor	FALSE	0.11545204126452	FALSE
DNA_Damage_Repair	Parp1	tumor	0.11545204126452	0.161539627216245	tumor	TRUE	0.11545204126452	FALSE
Fibrosis_remodeling	Acta2	Endothelial	0.140462023101155	0.460658032901645	stroma	FALSE	0.0406181454394065	TRUE
Fibrosis_remodeling	Acta2	all	0.0454823268611323	0.0790148169717532	stroma	FALSE	0.0406181454394065	TRUE
Fibrosis_remodeling	Acta2	immune	0.0519972764412165	0.0843395369950068	stroma	FALSE	0.0406181454394065	TRUE
Fibrosis_remodeling	Acta2	stroma	0.0406181454394065	0.084963307711905	stroma	TRUE	0.0406181454394065	TRUE
Fibrosis_remodeling	Acta2	tumor	0.0473891214097198	0.074430597467852	stroma	FALSE	0.0406181454394065	TRUE
Fibrosis_remodeling	Col1a1	Endothelial	0.26296814840742	1.02873643682184	stroma	FALSE	0.238392374466393	FALSE
Fibrosis_remodeling	Col1a1	all	0.23823887544307	0.888442383532856	stroma	FALSE	0.238392374466393	FALSE
Fibrosis_remodeling	Col1a1	immune	0.294307762142533	1.183132092601	stroma	FALSE	0.238392374466393	FALSE
Fibrosis_remodeling	Col1a1	stroma	0.238392374466393	1.02187369899275	stroma	TRUE	0.238392374466393	FALSE
Fibrosis_remodeling	Col1a1	tumor	0.228641780057431	0.755912101741304	stroma	FALSE	0.238392374466393	FALSE
Fibrosis_remodeling	Col1a2	Endothelial	0.271788589429471	0.890864543227161	stroma	FALSE	0.241947891358516	FALSE
Fibrosis_remodeling	Col1a2	all	0.259306253115633	0.805498481915243	stroma	FALSE	0.241947891358516	FALSE
Fibrosis_remodeling	Col1a2	immune	0.315438039037676	1.01407625964594	stroma	FALSE	0.241947891358516	FALSE
Fibrosis_remodeling	Col1a2	stroma	0.241947891358516	0.890830345547526	stroma	TRUE	0.241947891358516	FALSE
Fibrosis_remodeling	Col1a2	tumor	0.260537860297245	0.717333729229856	stroma	FALSE	0.241947891358516	FALSE
Fibrosis_remodeling	Col3a1	Endothelial	0.048232411620581	0.0891494574728736	stroma	FALSE	0.0549881006381538	FALSE
Fibrosis_remodeling	Col3a1	all	0.043180360684379	0.0860738358231873	stroma	FALSE	0.0549881006381538	FALSE
Fibrosis_remodeling	Col3a1	immune	0.0685837494325919	0.13630049931911	stroma	FALSE	0.0549881006381538	FALSE
Fibrosis_remodeling	Col3a1	stroma	0.0549881006381538	0.125393797418802	stroma	TRUE	0.0549881006381538	FALSE
Fibrosis_remodeling	Col3a1	tumor	0.0315668502303456	0.0532244925588633	stroma	FALSE	0.0549881006381538	FALSE
Fibrosis_remodeling	Col5a1	Endothelial	0.0556877843892195	0.0925096254812741	stroma	FALSE	0.0456686944256305	TRUE
Fibrosis_remodeling	Col5a1	all	0.0666692760204545	0.108497790723231	stroma	FALSE	0.0456686944256305	TRUE
Fibrosis_remodeling	Col5a1	immune	0.0457467090331366	0.0694825238311394	stroma	FALSE	0.0456686944256305	TRUE
Fibrosis_remodeling	Col5a1	stroma	0.0456686944256305	0.0814525299348176	stroma	TRUE	0.0456686944256305	TRUE
Fibrosis_remodeling	Col5a1	tumor	0.0832136541223366	0.131849695731471	stroma	FALSE	0.0456686944256305	TRUE
Fibrosis_remodeling	Fn1	Endothelial	0.112040602030102	0.192019600980049	stroma	FALSE	0.0877942994910926	FALSE
Fibrosis_remodeling	Fn1	all	0.187532392905024	0.447312200721816	stroma	FALSE	0.0877942994910926	FALSE
Fibrosis_remodeling	Fn1	immune	0.148329550612801	0.268520199727644	stroma	FALSE	0.0877942994910926	FALSE
Fibrosis_remodeling	Fn1	stroma	0.0877942994910926	0.150179267148441	stroma	TRUE	0.0877942994910926	FALSE
Fibrosis_remodeling	Fn1	tumor	0.255910178668818	0.661525396479854	stroma	FALSE	0.0877942994910926	FALSE
Fibrosis_remodeling	Mmp2	Endothelial	0.027896394819741	0.0371368568428421	stroma	FALSE	0.0243840604475154	TRUE
Fibrosis_remodeling	Mmp2	all	0.0364598409699226	0.0473421366048322	stroma	FALSE	0.0243840604475154	TRUE
Fibrosis_remodeling	Mmp2	immune	0.0412664548343168	0.0532274171584203	stroma	FALSE	0.0243840604475154	TRUE
Fibrosis_remodeling	Mmp2	stroma	0.0243840604475154	0.035757737692083	stroma	TRUE	0.0243840604475154	TRUE
Fibrosis_remodeling	Mmp2	tumor	0.0431199004925373	0.0535152611186282	stroma	FALSE	0.0243840604475154	TRUE
Fibrosis_remodeling	Mmp9	Endothelial	0.113195659782989	0.150857542877144	stroma	FALSE	0.101076845643839	FALSE
Fibrosis_remodeling	Mmp9	all	0.138695182602435	0.208101699420508	stroma	FALSE	0.101076845643839	FALSE
Fibrosis_remodeling	Mmp9	immune	0.156527462551067	0.239959146618248	stroma	FALSE	0.101076845643839	FALSE
Fibrosis_remodeling	Mmp9	stroma	0.101076845643839	0.139266651339377	stroma	TRUE	0.101076845643839	FALSE
Fibrosis_remodeling	Mmp9	tumor	0.158958094712089	0.2453102031303	stroma	FALSE	0.101076845643839	FALSE
Fibrosis_remodeling	Tagln	Endothelial	0.068288414420721	0.117780889044452	stroma	FALSE	0.027391523180454	TRUE
Fibrosis_remodeling	Tagln	all	0.0348714326943714	0.0455132950159766	stroma	FALSE	0.027391523180454	TRUE
Fibrosis_remodeling	Tagln	immune	0.0355969133000454	0.0463458919655016	stroma	FALSE	0.027391523180454	TRUE
Fibrosis_remodeling	Tagln	stroma	0.027391523180454	0.0392685154691704	stroma	TRUE	0.027391523180454	TRUE
Fibrosis_remodeling	Tagln	tumor	0.0393783706652985	0.0492375786825107	stroma	FALSE	0.027391523180454	TRUE
Fibrosis_remodeling	Tgfb1	Endothelial	0.0777388869443472	0.10210010500525	stroma	FALSE	0.0336686695705666	TRUE
Fibrosis_remodeling	Tgfb1	all	0.0680000464522323	0.0895646350553491	stroma	FALSE	0.0336686695705666	TRUE
Fibrosis_remodeling	Tgfb1	immune	0.112482977757603	0.156790739900136	stroma	FALSE	0.0336686695705666	TRUE
Fibrosis_remodeling	Tgfb1	stroma	0.0336686695705666	0.0430613982216202	stroma	TRUE	0.0336686695705666	TRUE
Fibrosis_remodeling	Tgfb1	tumor	0.081712119125879	0.106956676253824	stroma	FALSE	0.0336686695705666	TRUE
Fibrosis_remodeling	Tgfbr1	Endothelial	0.0190059502975149	0.0214560728036402	stroma	FALSE	0.0134229772638303	TRUE
Fibrosis_remodeling	Tgfbr1	all	0.03041588941616	0.0366185527634992	stroma	FALSE	0.0134229772638303	TRUE
Fibrosis_remodeling	Tgfbr1	immune	0.0290921470721743	0.035192918747163	stroma	FALSE	0.0134229772638303	TRUE
Fibrosis_remodeling	Tgfbr1	stroma	0.0134229772638303	0.0157469257392828	stroma	TRUE	0.0134229772638303	TRUE
Fibrosis_remodeling	Tgfbr1	tumor	0.0411583665576156	0.0497791158943479	stroma	FALSE	0.0134229772638303	TRUE
Fibrosis_remodeling	Timp1	Endothelial	0.0808190409520476	0.108680434021701	stroma	FALSE	0.0649835645889904	FALSE
Fibrosis_remodeling	Timp1	all	0.105714527806607	0.148303482756114	stroma	FALSE	0.0649835645889904	FALSE
Fibrosis_remodeling	Timp1	immune	0.107530640036314	0.163554244212438	stroma	FALSE	0.0649835645889904	FALSE
Fibrosis_remodeling	Timp1	stroma	0.0649835645889904	0.0962611770115514	stroma	TRUE	0.0649835645889904	FALSE
Fibrosis_remodeling	Timp1	tumor	0.130618160111938	0.177931897080238	stroma	FALSE	0.0649835645889904	FALSE
Fibrosis_remodeling	Vim	Endothelial	0.173713685684284	0.308645432271614	stroma	FALSE	0.0865826151255491	FALSE
Fibrosis_remodeling	Vim	all	0.172332190235655	0.333050462178205	stroma	FALSE	0.0865826151255491	FALSE
Fibrosis_remodeling	Vim	immune	0.150295052201543	0.250862460281434	stroma	FALSE	0.0865826151255491	FALSE
Fibrosis_remodeling	Vim	stroma	0.0865826151255491	0.133225628056396	stroma	TRUE	0.0865826151255491	FALSE
Fibrosis_remodeling	Vim	tumor	0.229143317361575	0.470664298467004	stroma	FALSE	0.0865826151255491	FALSE
Hypoxia	Hif1a	Endothelial	0.132691634581729	0.191109555477774	stroma	FALSE	0.0662983974697545	FALSE
Hypoxia	Hif1a	all	0.119549981096522	0.164465848791962	stroma	FALSE	0.0662983974697545	FALSE
Hypoxia	Hif1a	immune	0.174557421697685	0.26172038129823	stroma	FALSE	0.0662983974697545	FALSE
Hypoxia	Hif1a	stroma	0.0662983974697545	0.0875469916052022	stroma	TRUE	0.0662983974697545	FALSE
Hypoxia	Hif1a	tumor	0.143188900333307	0.195594933242462	stroma	FALSE	0.0662983974697545	FALSE
Hypoxia	Ldha	Endothelial	0.225201260063003	0.383724186209311	stroma	FALSE	0.195562128339122	FALSE
Hypoxia	Ldha	all	0.338405372286684	0.71723924060923	stroma	FALSE	0.195562128339122	FALSE
Hypoxia	Ldha	immune	0.391466182478439	0.872873354516568	stroma	FALSE	0.195562128339122	FALSE
Hypoxia	Ldha	stroma	0.195562128339122	0.35515773644933	stroma	TRUE	0.195562128339122	FALSE
Hypoxia	Ldha	tumor	0.417829805008142	0.914984042344518	stroma	FALSE	0.195562128339122	FALSE
Hypoxia	Ndrg1	Endothelial	0.0991949597479874	0.163843192159608	stroma	FALSE	0.124967533072769	FALSE
Hypoxia	Ndrg1	all	0.202618615560035	0.468292265402248	stroma	FALSE	0.124967533072769	FALSE
Hypoxia	Ndrg1	immune	0.160376758965048	0.314484793463459	stroma	FALSE	0.124967533072769	FALSE
Hypoxia	Ndrg1	stroma	0.124967533072769	0.285849390740246	stroma	TRUE	0.124967533072769	FALSE
Hypoxia	Ndrg1	tumor	0.257840174214983	0.607283213961814	stroma	FALSE	0.124967533072769	FALSE
Hypoxia	Slc2a1	Endothelial	0.0547077353867693	0.072103605180259	stroma	FALSE	0.0465783897646847	TRUE
Hypoxia	Slc2a1	all	0.0959311715554057	0.137356670131946	stroma	FALSE	0.0465783897646847	TRUE
Hypoxia	Slc2a1	immune	0.098302315024966	0.138683613254653	stroma	FALSE	0.0465783897646847	TRUE
Hypoxia	Slc2a1	stroma	0.0465783897646847	0.0642515829568827	stroma	TRUE	0.0465783897646847	TRUE
Hypoxia	Slc2a1	tumor	0.126077401359843	0.18238188681103	stroma	FALSE	0.0465783897646847	TRUE
Hypoxia	Vegfa	Endothelial	0.0893594679733987	0.133006650332517	stroma	FALSE	0.105261195652849	FALSE
Hypoxia	Vegfa	all	0.169609573288934	0.313071271057808	stroma	FALSE	0.105261195652849	FALSE
Hypoxia	Vegfa	immune	0.14635497049478	0.264875170222424	stroma	FALSE	0.105261195652849	FALSE
Hypoxia	Vegfa	stroma	0.105261195652849	0.192328484524616	stroma	TRUE	0.105261195652849	FALSE
Hypoxia	Vegfa	tumor	0.213379507585752	0.395972932370156	stroma	FALSE	0.105261195652849	FALSE
STING	Cxcl10	Endothelial	0.143927196359818	0.336506825341267	immune	FALSE	0.183340898774399	FALSE
STING	Cxcl10	all	0.133737267034528	0.323424957494057	immune	FALSE	0.183340898774399	FALSE
STING	Cxcl10	immune	0.183340898774399	0.457875624148888	immune	TRUE	0.183340898774399	FALSE
STING	Cxcl10	stroma	0.0786724910366426	0.138740966737711	immune	FALSE	0.183340898774399	FALSE
STING	Cxcl10	tumor	0.159415016734577	0.414955196257239	immune	FALSE	0.183340898774399	FALSE
STING	Irf3	Endothelial	0.0284914245712286	0.0334616730836542	immune	FALSE	0.0358147980027236	TRUE
STING	Irf3	all	0.0411553874481767	0.0496509845937731	immune	FALSE	0.0358147980027236	TRUE
STING	Irf3	immune	0.0358147980027236	0.0417476168860645	immune	TRUE	0.0358147980027236	TRUE
STING	Irf3	stroma	0.0147601797021121	0.0171897621991761	immune	FALSE	0.0358147980027236	TRUE
STING	Irf3	tumor	0.0583983267730921	0.0710829128855856	immune	FALSE	0.0358147980027236	TRUE
Stromal_stress_senescence	Bcl2l1	Endothelial	0.0691984599229962	0.0983199159957998	stroma	FALSE	0.0441662058123567	TRUE
Stromal_stress_senescence	Bcl2l1	all	0.0908115334010905	0.136328699436423	stroma	FALSE	0.0441662058123567	TRUE
Stromal_stress_senescence	Bcl2l1	immune	0.109133000453926	0.16630049931911	stroma	FALSE	0.0441662058123567	TRUE
Stromal_stress_senescence	Bcl2l1	stroma	0.0441662058123567	0.0638203475980688	stroma	TRUE	0.0441662058123567	TRUE
Stromal_stress_senescence	Bcl2l1	tumor	0.116578192511863	0.176129593547092	stroma	FALSE	0.0441662058123567	TRUE
Stromal_stress_senescence	Ccl2	Endothelial	0.083689184459223	0.128526426321316	stroma	FALSE	0.0625577103515127	FALSE
Stromal_stress_senescence	Ccl2	all	0.086135342019614	0.142586847394524	stroma	FALSE	0.0625577103515127	FALSE
Stromal_stress_senescence	Ccl2	immune	0.19187471629596	0.399695869269178	stroma	FALSE	0.0625577103515127	FALSE
Stromal_stress_senescence	Ccl2	stroma	0.0625577103515127	0.102719765368197	stroma	TRUE	0.0625577103515127	FALSE
Stromal_stress_senescence	Ccl2	tumor	0.0828105781294351	0.123693560707168	stroma	FALSE	0.0625577103515127	FALSE
Stromal_stress_senescence	Cdkn1a	Endothelial	0.180574028701435	0.300315015750788	stroma	FALSE	0.0899952154001976	FALSE
Stromal_stress_senescence	Cdkn1a	all	0.113579578910515	0.170457326527795	stroma	FALSE	0.0899952154001976	FALSE
Stromal_stress_senescence	Cdkn1a	immune	0.268379482523831	0.525946436677258	stroma	FALSE	0.0899952154001976	FALSE
Stromal_stress_senescence	Cdkn1a	stroma	0.0899952154001976	0.130151056650904	stroma	TRUE	0.0899952154001976	FALSE
Stromal_stress_senescence	Cdkn1a	tumor	0.101945149357348	0.135164303466992	stroma	FALSE	0.0899952154001976	FALSE
Stromal_stress_senescence	Cxcl1	Endothelial	0.0449422471123556	0.0604480224011201	stroma	FALSE	0.0485792224093256	TRUE
Stromal_stress_senescence	Cxcl1	all	0.101232747619431	0.167245240689231	stroma	FALSE	0.0485792224093256	TRUE
Stromal_stress_senescence	Cxcl1	immune	0.0645256468452111	0.0889559691330005	stroma	FALSE	0.0485792224093256	TRUE
Stromal_stress_senescence	Cxcl1	stroma	0.0485792224093256	0.0739015615193901	stroma	TRUE	0.0485792224093256	TRUE
Stromal_stress_senescence	Cxcl1	tumor	0.14004429220548	0.238289450101269	stroma	FALSE	0.0485792224093256	TRUE
Stromal_stress_senescence	Gdf15	Endothelial	0.0465173258662933	0.0606580329016451	stroma	FALSE	0.035294190750188	TRUE
Stromal_stress_senescence	Gdf15	all	0.0668357298527421	0.0890330150638568	stroma	FALSE	0.035294190750188	TRUE
Stromal_stress_senescence	Gdf15	immune	0.0508306854289605	0.0643077621425329	stroma	FALSE	0.035294190750188	TRUE
Stromal_stress_senescence	Gdf15	stroma	0.035294190750188	0.0462962847893223	stroma	TRUE	0.035294190750188	TRUE
Stromal_stress_senescence	Gdf15	tumor	0.0890713329123087	0.119675877671052	stroma	FALSE	0.035294190750188	TRUE
Stromal_stress_senescence	Igfbp3	Endothelial	0.0902695134756738	0.169618480924046	stroma	FALSE	0.0120745900467897	TRUE
Stromal_stress_senescence	Igfbp3	all	0.0225276121961196	0.027340149481563	stroma	FALSE	0.0120745900467897	TRUE
Stromal_stress_senescence	Igfbp3	immune	0.0209940989559691	0.024557421697685	stroma	FALSE	0.0120745900467897	TRUE
Stromal_stress_senescence	Igfbp3	stroma	0.0120745900467897	0.016821907253329	stroma	TRUE	0.0120745900467897	TRUE
Stromal_stress_senescence	Igfbp3	tumor	0.0292576247900966	0.034322228487165	stroma	FALSE	0.0120745900467897	TRUE
Stromal_stress_senescence	Il6	Endothelial	0.015750787539377	0.0192859642982149	stroma	FALSE	0.00810275083419808	TRUE
Stromal_stress_senescence	Il6	all	0.0139902940641359	0.016540005479643	stroma	FALSE	0.00810275083419808	TRUE
Stromal_stress_senescence	Il6	immune	0.0134453018610985	0.0157512482977758	stroma	FALSE	0.00810275083419808	TRUE
Stromal_stress_senescence	Il6	stroma	0.00810275083419808	0.00985751834614405	stroma	TRUE	0.00810275083419808	TRUE
Stromal_stress_senescence	Il6	tumor	0.0177268821687335	0.0208099519770339	stroma	FALSE	0.00810275083419808	TRUE
Stromal_stress_senescence	Trp53	Endothelial	0.0900245012250613	0.132166608330417	stroma	FALSE	0.0470829475620289	TRUE
Stromal_stress_senescence	Trp53	all	0.0961814974737297	0.144853544283816	stroma	FALSE	0.0470829475620289	TRUE
Stromal_stress_senescence	Trp53	immune	0.0867862006354971	0.12317748524739	stroma	FALSE	0.0470829475620289	TRUE
Stromal_stress_senescence	Trp53	stroma	0.0470829475620289	0.0670738754637023	stroma	TRUE	0.0470829475620289	TRUE
Stromal_stress_senescence	Trp53	tumor	0.128163550391807	0.196669546147201	stroma	FALSE	0.0470829475620289	TRUE
TypeII_interferon	Cd74	Endothelial	0.319705985299265	0.867623381169059	immune	FALSE	0.725823876532002	FALSE
TypeII_interferon	Cd74	all	0.441259216789557	1.76832293247781	immune	FALSE	0.725823876532002	FALSE
TypeII_interferon	Cd74	immune	0.725823876532002	5.32093054925102	immune	TRUE	0.725823876532002	FALSE
TypeII_interferon	Cd74	stroma	0.33693027533197	0.97737070706443	immune	FALSE	0.725823876532002	FALSE
TypeII_interferon	Cd74	tumor	0.457613559353325	1.65587233260231	immune	FALSE	0.725823876532002	FALSE
TypeII_interferon	Ciita	Endothelial	0.0171858592929646	0.0206510325516276	immune	FALSE	0.0409804811620517	TRUE
TypeII_interferon	Ciita	all	0.034361748479227	0.0454935098059372	immune	FALSE	0.0409804811620517	TRUE
TypeII_interferon	Ciita	immune	0.0409804811620517	0.0572673626872447	immune	TRUE	0.0409804811620517	TRUE
TypeII_interferon	Ciita	stroma	0.0150199151199568	0.0192042651289667	immune	FALSE	0.0409804811620517	TRUE
TypeII_interferon	Ciita	tumor	0.0452122033564538	0.0597706312985432	immune	FALSE	0.0409804811620517	TRUE
TypeII_interferon	Cxcl10	Endothelial	0.143927196359818	0.336506825341267	immune	FALSE	0.183340898774399	FALSE
TypeII_interferon	Cxcl10	all	0.133737267034528	0.323424957494057	immune	FALSE	0.183340898774399	FALSE
TypeII_interferon	Cxcl10	immune	0.183340898774399	0.457875624148888	immune	TRUE	0.183340898774399	FALSE
TypeII_interferon	Cxcl10	stroma	0.0786724910366426	0.138740966737711	immune	FALSE	0.183340898774399	FALSE
TypeII_interferon	Cxcl10	tumor	0.159415016734577	0.414955196257239	immune	FALSE	0.183340898774399	FALSE
TypeII_interferon	Cxcl9	Endothelial	0.247707385369268	0.75610780539027	immune	FALSE	0.167784838856105	FALSE
TypeII_interferon	Cxcl9	all	0.121888937013784	0.260412074311529	immune	FALSE	0.167784838856105	FALSE
TypeII_interferon	Cxcl9	immune	0.167784838856105	0.363890149795733	immune	TRUE	0.167784838856105	FALSE
TypeII_interferon	Cxcl9	stroma	0.0778410891489005	0.14212622644206	immune	FALSE	0.167784838856105	FALSE
TypeII_interferon	Cxcl9	tumor	0.141375827594244	0.316092347479198	immune	FALSE	0.167784838856105	FALSE
TypeII_interferon	H2-Aa	Endothelial	0.139901995099755	0.258942947147357	immune	FALSE	0.419387199273718	FALSE
TypeII_interferon	H2-Aa	all	0.237986829071699	0.588661612262357	immune	FALSE	0.419387199273718	FALSE
TypeII_interferon	H2-Aa	immune	0.419387199273718	1.36691783931003	immune	TRUE	0.419387199273718	FALSE
TypeII_interferon	H2-Aa	stroma	0.14696302187867	0.273703963761317	immune	FALSE	0.419387199273718	FALSE
TypeII_interferon	H2-Aa	tumor	0.2635878532588	0.651727726782169	immune	FALSE	0.419387199273718	FALSE
TypeII_interferon	H2-Ab1	Endothelial	0.199334966748337	0.372628631431572	immune	FALSE	0.524307762142533	FALSE
TypeII_interferon	H2-Ab1	all	0.28175085345224	0.666575769397355	immune	FALSE	0.524307762142533	FALSE
TypeII_interferon	H2-Ab1	immune	0.524307762142533	1.90261461643214	immune	TRUE	0.524307762142533	FALSE
TypeII_interferon	H2-Ab1	stroma	0.19299335748417	0.358467188208758	immune	FALSE	0.524307762142533	FALSE
TypeII_interferon	H2-Ab1	tumor	0.29558470249684	0.647825428095166	immune	FALSE	0.524307762142533	FALSE
TypeII_interferon	H2-Eb1	Endothelial	0.0551627581379069	0.0774238711935597	immune	FALSE	0.227703132092601	FALSE
TypeII_interferon	H2-Eb1	all	0.0977625938238316	0.161901943638818	immune	FALSE	0.227703132092601	FALSE
TypeII_interferon	H2-Eb1	immune	0.227703132092601	0.482092600998638	immune	TRUE	0.227703132092601	FALSE
TypeII_interferon	H2-Eb1	stroma	0.0562035132632835	0.0828344714881348	immune	FALSE	0.227703132092601	FALSE
TypeII_interferon	H2-Eb1	tumor	0.101466688923026	0.156582715578349	immune	FALSE	0.227703132092601	FALSE
TypeII_interferon	Stat1	Endothelial	0.192999649982499	0.336156807840392	immune	FALSE	0.258847026781661	FALSE
TypeII_interferon	Stat1	all	0.237668975371285	0.535083693589033	immune	FALSE	0.258847026781661	FALSE
TypeII_interferon	Stat1	immune	0.258847026781661	0.489541534271448	immune	TRUE	0.258847026781661	FALSE
TypeII_interferon	Stat1	stroma	0.109768661492671	0.181721586001628	immune	FALSE	0.258847026781661	FALSE
TypeII_interferon	Stat1	tumor	0.313246969430071	0.761522858024174	immune	FALSE	0.258847026781661	FALSE
TypeI_interferon	Ifit1	Endothelial	0.0291564578228911	0.0380469023451173	immune	FALSE	0.0516432137993645	FALSE
TypeI_interferon	Ifit1	all	0.0512768127230944	0.0778225430102509	immune	FALSE	0.0516432137993645	FALSE
TypeI_interferon	Ifit1	immune	0.0516432137993645	0.0732319564230595	immune	TRUE	0.0516432137993645	FALSE
TypeI_interferon	Ifit1	stroma	0.0198293699862676	0.0262469474874637	immune	FALSE	0.0516432137993645	FALSE
TypeI_interferon	Ifit1	tumor	0.0706798368926841	0.110524360328399	immune	FALSE	0.0516432137993645	FALSE
TypeI_interferon	Ifitm1	Endothelial	0.0465523276163808	0.0655932796639832	immune	FALSE	0.105270086246028	FALSE
TypeI_interferon	Ifitm1	all	0.0662038934712678	0.104900753515423	immune	FALSE	0.105270086246028	FALSE
TypeI_interferon	Ifitm1	immune	0.105270086246028	0.240744439400817	immune	TRUE	0.105270086246028	FALSE
TypeI_interferon	Ifitm1	stroma	0.0379934506906601	0.0560332560755097	immune	FALSE	0.105270086246028	FALSE
TypeI_interferon	Ifitm1	tumor	0.0770452068187535	0.112128202781071	immune	FALSE	0.105270086246028	FALSE
TypeI_interferon	Ifitm3	Endothelial	0.289254462723136	0.581869093454673	immune	FALSE	0.371670449387199	FALSE
TypeI_interferon	Ifitm3	all	0.34752162286895	0.90054749117085	immune	FALSE	0.371670449387199	FALSE
TypeI_interferon	Ifitm3	immune	0.371670449387199	0.873654108034499	immune	TRUE	0.371670449387199	FALSE
TypeI_interferon	Ifitm3	stroma	0.161593955248457	0.285825778429533	immune	FALSE	0.371670449387199	FALSE
TypeI_interferon	Ifitm3	tumor	0.458513557276406	1.28560087938259	immune	FALSE	0.371670449387199	FALSE
TypeI_interferon	Mx1	Endothelial	0.0464123206160308	0.0689884494224711	immune	FALSE	0.147521561507036	FALSE
TypeI_interferon	Mx1	all	0.0939543710045166	0.186730661785168	immune	FALSE	0.147521561507036	FALSE
TypeI_interferon	Mx1	immune	0.147521561507036	0.32463458919655	immune	TRUE	0.147521561507036	FALSE
TypeI_interferon	Mx1	stroma	0.0443116079362219	0.066062274362623	immune	FALSE	0.147521561507036	FALSE
TypeI_interferon	Mx1	tumor	0.115604348605349	0.238051758342096	immune	FALSE	0.147521561507036	FALSE
TypeI_interferon	Oas2	Endothelial	0.0586979348967448	0.0857892894644732	immune	FALSE	0.148869723104857	FALSE
TypeI_interferon	Oas2	all	0.123989180070788	0.2228937246045	immune	FALSE	0.148869723104857	FALSE
TypeI_interferon	Oas2	immune	0.148869723104857	0.25312755333636	immune	TRUE	0.148869723104857	FALSE
TypeI_interferon	Oas2	stroma	0.0563824697234253	0.0862706840734964	immune	FALSE	0.148869723104857	FALSE
TypeI_interferon	Oas2	tumor	0.16161962703163	0.302336225377941	immune	FALSE	0.148869723104857	FALSE
TypeI_interferon	Oasl1	Endothelial	0.0542177108855443	0.067868393419671	immune	FALSE	0.0982387653200182	FALSE
TypeI_interferon	Oasl1	all	0.0720538639439924	0.0947797583537673	immune	FALSE	0.0982387653200182	FALSE
TypeI_interferon	Oasl1	immune	0.0982387653200182	0.139001361779392	immune	TRUE	0.0982387653200182	FALSE
TypeI_interferon	Oasl1	stroma	0.0327776155294439	0.04017945356142	immune	FALSE	0.0982387653200182	FALSE
TypeI_interferon	Oasl1	tumor	0.0919274801673535	0.121082028272242	immune	FALSE	0.0982387653200182	FALSE
TypeI_interferon	Stat1	Endothelial	0.192999649982499	0.336156807840392	immune	FALSE	0.258847026781661	FALSE
TypeI_interferon	Stat1	all	0.237668975371285	0.535083693589033	immune	FALSE	0.258847026781661	FALSE
TypeI_interferon	Stat1	immune	0.258847026781661	0.489541534271448	immune	TRUE	0.258847026781661	FALSE
TypeI_interferon	Stat1	stroma	0.109768661492671	0.181721586001628	immune	FALSE	0.258847026781661	FALSE
TypeI_interferon	Stat1	tumor	0.313246969430071	0.761522858024174	immune	FALSE	0.258847026781661	FALSE
